brand,channel,date,reco_A,latency_A_s,reco_B,latency_B_s,reco_C,latency_C_s
COCA COLA,DVH_EXCL_HD,2025-09-01,"• Protect and extend distribution weight by +2pp (targeting 0.89 weighted_dist) in DVH_EXCL_HD by August 2025 — weighted_dist is a top-5 SHAP driver (+0.58, current value 0.87), and closing remaining distribution gaps ahead of the September forecast period will help secure the projected 5.53M unit volume.

• Lock in replenishment and supply commitments to sustain a minimum 4.75M unit rolling baseline by end of August 2025 — rolling_mean_4 (+1.43, value 4,765,272) and rolling_mean_13 (+1.59, value 4,752,520) are the 2nd and 3rd strongest drivers, confirming that recent sustained volume momentum is the primary engine of the September forecast; any supply disruption or stock-out in July–August would directly erode these rolling averages and put the 5.53M target at risk.

• Maintain current organic sell-through without incremental promotional depth in September 2025 — lag_1 is the dominant driver (+2.69, value 4,525,264) and the forecast is flagged non-anomalous and within typical range, indicating demand is structurally driven rather than promo-induced; redirecting any planned September promo budget toward shelf-visibility or secondary placement in DVH_EXCL_HD will defend volume without margin dilution.",9.915048499999102,"• Stabilise promotional cadence across DVH_EXCL_HD to defend the 5.53M unit September forecast by locking in at least 85% of planned SKU availability by August 15 — momentum is positive (+3.8%) and all top SHAP drivers are momentum/volume signals (lag_1 +2.69, rolling means +1.59/+1.43), meaning the forecast is riding recent performance; as a volatile brand (CV=0.64), any supply or promo disruption in the 4-week lead-up risks a sharper-than-average downside swing given Coca-Cola's mass-market scale at rank #1.

• Protect and selectively grow weighted distribution from its current 0.87 level by targeting the 13% of uncovered DVH_EXCL_HD outlets with highest basket size, aiming for +2pp weighted distribution by end of September — DVH_EXCL_HD is already a secondary channel (55% of brand volume sits elsewhere), so incremental gains here are achievable without cannibalising primary channel; at mid-market pricing (1.3x category median), Coca-Cola's value proposition is broadly accessible and distribution expansion carries stronger ROI than price-led activation in this channel.

• Implement a volume-smoothing promotional mechanic (e.g. multipack or bundle deal) in DVH_EXCL_HD for the September period to reduce peak-trough volatility — with CV=0.64 flagging high volatility and brand_mean_sales (SHAP=+0.58, value 2.87M) anchoring the forecast well below the 5.53M September peak, the gap signals seasonal concentration risk; a structured bundle promotion targeting a 10% uplift in transaction size (rather than depth of price cut) will sustain volume while protecting the 1.3x price positioning through Q4 planning cycles.",12.111322207027115,"• Defend volume momentum in Capital Area DVH_EXCL_HD by securing full shelf presence (minimum 4 facings) across the top-30 highest-volume outlets before September 2025 — lag_1 SHAP of +2.69 on a prior-period volume of 4.5M units signals strong carry-forward momentum; protecting physical availability in the Capital Area primary hotspot is the single highest-leverage action to land the 5.53M unit forecast, given weighted_dist is already at 0.87 and incremental distribution gains are near-saturated.

• Lock in a promotional frequency of at least 2 activation windows (e.g. multi-pack price mechanic or meal-deal bundle) within DVH_EXCL_HD during July–August 2025 to sustain the rolling mean trajectory — rolling_mean_13 and rolling_mean_4 both contribute positively (SHAP +1.59 / +1.43) off a ~4.75M baseline, indicating the forecast is riding a stable upward trend that requires consistent promotional cadence to hold; with a 15–44 broad demographic skewing slightly younger than national average (mean age 46.1yr vs 47.7yr national) and 52% male, format-led mechanics (500ml on-the-go, energy-adjacent SKUs) will resonate more than deep price cuts.

• Allocate at least 60% of September in-store activation budget to Capital Area DVH_EXCL_HD rather than spreading nationally — brand_mean_sales SHAP of +0.58 on a 2.87M brand-level baseline confirms Coca-Cola's structural volume engine is concentrated here; as a mass brand with neutral regional demographic fit, incremental ROI comes from intensity of execution in the proven hotspot rather than geographic expansion, ensuring the 5.53M unit target is met without diluting trade investment.",12.129610916017555
HARBOE,TOTAL_DISCOUNT,2025-10-01,"• Protect distribution weight in TOTAL_DISCOUNT by maintaining ≥95% weighted distribution coverage through October 2025 — lag_1 (SHAP=+2.84, value=4.3M units) is the dominant forecast driver, confirming that recent high-volume momentum is the primary engine; any SKU delisting or shelf-space reduction risks a disproportionate volume drop from the forecast 3.6M units.

• Negotiate a targeted promotional uplift of 10–15% on core Harboe SKUs in TOTAL_DISCOUNT for the first two weeks of October 2025 — rolling_mean_4 (SHAP=+1.47, value=4.9M) signals a strong short-term sales trend well above the forecast level of 3.6M, indicating headroom to convert promotional traffic into incremental volume and close the gap between recent actuals and the October forecast.

• Expand assortment depth by adding 2–3 high-velocity Harboe SKUs (e.g., value multipacks) in TOTAL_DISCOUNT by end of September 2025 — brand_mean_sales (SHAP=+0.67, value=2.65M) confirms sustained baseline brand demand across the portfolio, and the discount channel's price-sensitive shopper base makes multipacks a structurally aligned lever to lift basket size and defend volume against private-label competition.",8.212933625967707,"• Protect and extend the +26.3% momentum surge by locking in promotional shelf blocks (end-caps + secondary placements) in the top-30 highest-volume discount outlets before October 2025 — the forecast of 3.6M units is driven almost entirely by recent volume history (lag_1 SHAP +2.84 at 4.3M, rolling_mean_4 SHAP +1.47 at 4.9M), meaning the model is extrapolating a hot run; for a value-tier (#2 of 77) mass-market brand in discount, physical visibility is the single fastest lever to sustain that trajectory rather than let it revert naturally.

• Introduce a volume-commitment deal (e.g. 5% case-rate discount for orders ≥500 cases/week) with the top-3 discount chain buyers by September 2025 to reduce the high volatility risk (CV=0.76) — the gap between the rolling_mean_4 (4.9M) and rolling_mean_13 (4.1M) signals a recent spike that historically precedes a correction in volatile mass-market brands; locking forward volume at a modest price concession is low-cost given the 0.4x category price floor, and protects the October forecast from a downside swing of up to ~15% implied by the CV.

• Grow discount channel share from 43% toward 50% of brand volume by December 2025 by adding 2 new regional discount banners (targeting ~150K incremental units/period) — brand_mean_sales SHAP (+0.67 at 2.65M) confirms structural baseline demand exists beyond current outlets; as a value-tier rank-#2 brand, Harboe's price architecture is purpose-built for discount expansion, and the growing momentum window (+26.3%) provides the commercial narrative needed to negotiate new listings before the seasonal Q4 reset.",12.244096916983835,"• Defend volume in Central Jutland's top-30 discount doors by securing a minimum 3-facing shelf block on core SKUs before October 2025 — the forecast of 3.6M units is momentum-driven (lag_1 SHAP +2.84 off a 4.3M prior period), meaning shelf presence continuity is the single highest-leverage retention lever; with strong regional fit among 45-64M rural buyers, any facing reduction risks disproportionate volume loss in the brand's primary stronghold.

• Lock in a value-pack or multipack promotion (e.g. 6-pack price-lock at ≤DKK X) activated by September 2025 in Central Jutland discount stores — the rolling_mean_4 SHAP (+1.47, value 4.9M) signals a recent high-volume window that is now normalising toward 3.6M; a price-anchored bundle targeted at the 45-64M demographic reinforces the value/traditional positioning and can cushion the ~17% sequential volume step-down without eroding brand equity through deep single-unit discounting.

• Concentrate trade investment on the 45-64M rural shopper mission by co-funding in-store POS materials (shelf talkers, floor stickers) in the top-15 highest-indexed Central Jutland discount outlets by mid-September 2025 — brand_mean_sales SHAP (+0.67, value 2.65M) confirms structural brand strength in this channel, and the regional age index (+0.6yr vs. national, 51% male) validates that this demographic over-indexes here; low-cost visibility spend in these specific doors will protect the baseline more efficiently than broad national activation given the brand's regionally concentrated footprint.",12.307354084041435
PEPSI,CONVENIENCE,2025-11-01,"• Protect distribution weight at ≥88% in Convenience by November 2025 — weighted_dist is a top-5 SHAP driver (+0.50) at a current value of 0.88; any erosion below this threshold risks disproportionate volume loss given the channel's contribution to brand_mean_sales of 2.25M units.

• Investigate and address the volume gap between the lag_1 baseline (370,805 units in October) and the November forecast (306,189 units) by auditing SKU-level ranging and shelf facings in Convenience by end of October 2025 — the 17% month-on-month decline is not flagged as anomalous but represents ~64,600 units of sequential softness that warrants a proactive assortment and placement review.

• Reduce promotional depth by 5–8pp for November 2025 — rolling_mean_13 (+0.54, value=382,340) and rolling_mean_4 (+0.90, value=422,250) both signal sustained organic demand well above the November forecast, indicating baseline pull is strong enough to support a leaner promotional investment without sacrificing volume targets.",8.015042915998492,"• Protect November volume floor by locking in weighted distribution at or above current 0.88 in convenience — the forecast of 306K units represents a ~17% sequential dip from the lag_1 value of 370K, and with CV=0.72 this volatile mass-market brand is prone to sharp swings; confirm shelf agreements with top-30 convenience accounts by October 15 to prevent distribution slippage from driving further downside.

• Capitalise on the +9.8% recent momentum by activating a time-limited multipack or bundle promotion (e.g. 2-for price mechanic targeting a 5–8% unit uplift) in convenience during the first two weeks of November — the rolling_mean_4 of 422K signals strong near-term baseline strength that can be converted into incremental volume in this peripheral channel (currently only 6% of brand volume), where even modest activation can meaningfully move the needle without cannibalising core channels.

• Reduce volatility exposure by introducing a minimum-order commitment with the top-15 convenience retail partners before November 1, targeting a 10pp reduction in week-on-week volume variance — with brand_mean_sales of 2.25M and a rank #3 mass-market position, Pepsi has the commercial leverage to negotiate forward-committed volumes; stabilising the convenience baseline will make the rolling_mean_13 (382K) a more reliable planning anchor for Q1 2026 forecasting.",11.0713853330235,"• Defend November volume floor by securing cold-shelf facings and chiller placement in the top-30 Capital Area convenience outlets by 31 October 2025 — forecast of 306,189 units represents a ~17% step-down from the lag_1 value of 370,805, signalling momentum decay; as a mass-market brand with 0.88 weighted distribution already near ceiling, visibility and chiller priority in the Capital Area (primary channel hotspot) will recover impulse purchase rate more efficiently than further distribution expansion.

• Activate a time-limited multipack or bundle mechanic (e.g. 2-for-price-of-1.7) targeting the 15–44 male-skewed shopper base (52% male, mean age 46yr vs national 47.7yr) in Capital Area convenience stores for the first two weeks of November 2025 — the rolling_mean_4 (422,250) and rolling_mean_13 (382,340) both sit well above forecast, confirming a structural volume softening rather than a one-off dip; a short-burst value mechanic on a mass-tier brand is appropriate here and can realistically recover 8–12% of the gap (~25,000–37,000 units) without eroding long-term price positioning.

• Brief field sales to audit and correct any out-of-stock or secondary placement gaps across Capital Area convenience by 25 October 2025, targeting zero OOS on the top-3 SKUs — brand_mean_sales SHAP of +0.53 (value 2,253,939) confirms PEPSI's strong baseline pull, meaning lost units in this channel are primarily execution failures rather than demand weakness; for a universal mass brand with near-saturated distribution (0.88), in-store execution compliance is the highest-leverage lever to close the forecast shortfall.",12.865925583057106
FAXE KONDI,DVH_EXCL_HD,2025-12-01,"• Lock in distribution weight at ≥88% (from current 86%) in DVH_EXCL_HD by November 15, 2025 — weighted_dist is the 4th-ranked SHAP driver (+0.50 at 0.86 coverage), and with structural demand momentum confirmed by lag_1 (+2.69, 2.8M units) and rolling_mean_13 (+1.57, 3.2M avg), closing any remaining distribution gaps will capture incremental volume at the December peak without requiring additional promotional spend.

• Protect full shelf assortment and avoid SKU rationalization through December 31, 2025 — the convergence of rolling_mean_4 (+1.42, 3.2M) and rolling_mean_13 (+1.57, 3.2M) signals a sustained structural uplift rather than a one-off spike; removing any SKU now risks leaving volume on the table during a period where the model forecasts 5.1M units, roughly 60–80% above the brand_mean_sales baseline of 1.7M.

• Reduce promotional discount depth by 5pp (e.g., from ~20% to ~15% off) for December 2025 — organic demand strength is confirmed by all three momentum SHAP drivers (lag_1, rolling_mean_13, rolling_mean_4 collectively +5.68 SHAP), indicating consumers are buying on preference rather than price stimulus; reallocating saved trade spend toward January 2026 activation will help sustain the uplift beyond the current momentum window.",10.607238292053808,"• Lock in promotional display agreements with top-30 DVH_EXCL_HD accounts by 2025-11-01 to capture the structural demand uplift — the +2.73 z-score anomaly is momentum-driven (lag_1 SHAP=+2.69, rolling_mean_13 SHAP=+1.57), not seasonal, and as a mass-market #4 brand at 1.3x category median, FAXE KONDI's volume is highly responsive to in-store activation; securing 2-week feature display slots in December will defend the forecasted 5.1M units against CV=0.69 volatility risk.

• Increase weighted distribution coverage by 3pp in DVH_EXCL_HD from the current 0.86 base before 2025-11-15 — distribution is already a positive driver (SHAP=+0.50) but headroom remains; given this is a secondary channel representing only 56% of brand volume, closing the gap on underpenetrated DVH outlets is a higher-ROI lever than price cuts for a mid-market mass brand, and even marginal distribution gains at this volume scale translate to ~150K+ incremental units.

• Implement a stock buffer of +15% above the 5,124,593-unit forecast at regional DVH depots by 2025-11-20 — FAXE KONDI's high volatility (CV=0.69) combined with a genuine structural uplift signal means stockout risk is elevated during peak December trading; as a mass-market brand where shelf availability directly drives purchase, a supply gap would disproportionately damage volume versus a premium niche brand where consumers defer rather than switch.",11.377739541989285,"• Accelerate stock replenishment in Capital Area DVH_EXCL_HD outlets by 15% above baseline allocation before 2025-12-01 — the forecast of 5.1M units carries a +2.73z anomaly driven by sustained momentum (lag_1 SHAP=+2.69, rolling_mean_4 SHAP=+1.42), signalling genuine structural uplift rather than a spike; however, Faxe Kondi's core 35-54M rural/Jutland demographic is a moderate fit for the Capital Area channel (age delta -1.6yr), so buffer stock should be concentrated in the top-volume Capital Area stores rather than spread broadly, protecting service levels without over-committing to lower-fit outlets.

• Deploy a targeted in-store visibility push (secondary placement + floor-stack) in the top-15 Capital Area DVH_EXCL_HD doors by 2025-11-15 — weighted distribution is already strong (SHAP=+0.50, value=0.86), meaning incremental distribution gains are largely exhausted; the higher-ROI lever is now share-of-shelf and secondary placement to convert the elevated footfall implied by the rolling 13-week mean (3.16M units, SHAP=+1.57) into captured volume, particularly targeting the 52% male shopper base identified in the channel's regional survey.

• Introduce a value-pack or multipack SKU (e.g. 6×0.5L) priced at a 10–12% per-unit discount versus single-can shelf price, available in Capital Area DVH_EXCL_HD by 2025-12-01 — brand_mean_sales (SHAP=+0.44, value=1.72M) confirms a stable long-run baseline, but the demographic skew toward 35-54M shoppers in a convenience-oriented channel suggests basket-size upside; a multipack mechanic captures volume from loyal repeat buyers without eroding the brand's everyday price positioning, and directly supports sustaining the structural uplift flagged by the anomaly through the December peak period.",13.977490793040488
FANTA,TOTAL_DISCOUNT,2026-01-01,"• Lock in shelf space and distribution agreements for FANTA in TOTAL_DISCOUNT at current or expanded levels (target: maintain ≥95% weighted distribution) by December 2025 — lag_1 is the dominant SHAP driver (+2.54) with a value of 1,295,304 units, confirming strong recent momentum that must be protected heading into January 2026.

• Sustain promotional frequency at existing cadence (no reduction below current activation rate) through January 2026 — rolling_mean_4 (+0.90, 743,830 units) and rolling_mean_13 (+0.77, 651,072 units) both signal consistent mid-to-long-term volume strength, indicating that ongoing promotional support is a structural contributor to the 384,624-unit January forecast rather than a short-term spike.

• Prioritise SKU availability for FANTA's highest-velocity assortment in TOTAL_DISCOUNT by January 2026, targeting a 5% uplift in brand_mean_sales from the current 447,291-unit baseline — brand_mean_sales is a top-5 SHAP driver (+0.47), and closing the gap between the brand average and the lag_1 peak suggests meaningful headroom if core SKUs remain in-stock and well-positioned during the seasonally softer January period (month_cos penalty of −0.16).",8.336208792985417,"• Capitalise on the +26.5% momentum surge by securing incremental secondary placement (clip strips, end-of-aisle bays) in the top-30 discount doors by March 2026 — FANTA's forecast of 384,624 units in Total Discount is heavily anchored to recent volume (lag_1 SHAP=+2.54 on a value of 1.3M units), meaning the model is extrapolating strong recent performance; locking in physical visibility now converts momentum into a sustained baseline rather than a one-period spike, critical given the high volatility (CV=0.79) that could reverse gains quickly.

• Stabilise volume floor by negotiating a fixed promotional frequency of at least 2 feature activations per month across discount banners through Q1 2026 — the rolling mean drivers (4-week and 13-week SHAP combined +1.67) confirm that sustained average volume, not isolated peaks, is driving the forecast upward; for a mass-market mid-price brand (1.1x median, rank #5) in a volatile discount channel, consistent promotional cadence protects the rolling baseline and reduces CV-driven forecast risk without requiring deep price cuts that would erode the modest price premium.

• Grow discount channel share from 35% to at least 40% of brand volume by June 2026 by adding 2-3 SKU facings on core 1.5L and multipack formats in underperforming discount chains — brand_mean_sales (SHAP=+0.47, value=447K) signals structural brand strength that is not yet fully expressed in this secondary channel; given FANTA's #5 mass-market rank and the channel's high volume throughput, a targeted assortment expansion on high-velocity pack sizes offers the clearest path to closing the gap between brand potential and current 35% channel contribution.",12.797654040972702,"• Defend volume momentum in Central Jutland discount stores by securing a minimum 2-facing shelf block on 1.5L and multipack formats across the top-30 TOTAL_DISCOUNT outlets by March 2026 — lag_1 SHAP (+2.54) on a prior value of ~1.3M units is the dominant forecast driver, confirming strong carry-over momentum; protecting physical availability in the primary hotspot channel is the highest-leverage action to sustain that baseline into Q1 2026.

• Activate a youth-targeted price-mechanic (e.g. 4-for-3 multipack deal at ≤15 DKK per unit) in Central Jutland discount stores for the January–February 2026 window — the rolling_mean_4 and rolling_mean_13 SHAP drivers (+0.90/+0.77) show the forecast is anchored to recent trend levels, and the month_cos driver (-0.16) signals a seasonal headwind in January; a value-led promo aligned to Fanta's 12–24 core demographic counters the post-holiday volume dip without eroding the mass-market price position.

• Broaden assortment to include at least 1 flavour variant beyond Orange (e.g. Fanta Exotic or Fanta Zero) in the top-15 Central Jutland discount doors by February 2026 — brand_mean_sales SHAP (+0.47, value ~447K) indicates the brand's category weight is a meaningful positive signal, yet the regional demographic skews slightly older (mean age 48.3yr vs. national 47.7yr), suggesting the core 12–24 youth segment is under-indexed locally; a flavour extension increases basket relevance for younger shoppers visiting discount without requiring a price repositioning unsuitable for a mass-market brand.",11.643400293018203
FEVER TREE,DVH_EXCL_HD,2025-10-01,"• Protect distribution weight at minimum 0.42 and target a 5pp increase to 0.47 in DVH_EXCL_HD by October 2025 — weighted_dist is the 3rd-ranked SHAP driver (+0.56) and current penetration of 0.42 leaves meaningful headroom; closing this gap could directly lift the 154,373-unit forecast toward the 184,884–206,904 range implied by recent momentum drivers.

• Accelerate sell-in to build October stock cover by mid-September 2025, targeting a minimum 170,000 units in the channel — lag_1 (+2.16, value=184,884) and rolling_mean_4 (+0.67, value=206,904) are the two dominant forecast drivers, signalling strong recent run-rate; a forecast step-down to 154,373 units risks under-serving demand if prior-period velocity is sustained.

• Reduce promotional depth by 10pp (e.g., from ~25% to ~15% promoted volume) for October 2025 — rolling_mean_13 (+0.41, value=205,950) confirms sustained organic baseline demand over the past 13 periods, indicating that heavy promotional support is not required to maintain volume and margin can be recovered without risking the forecast.",9.320220959023573,"• Defend weighted distribution in DVH_EXCL_HD by securing at least 2 additional listings in the top-quartile volume stores before October 2025 — weighted_dist (SHAP=+0.56, value=0.42) is a meaningful positive driver yet sits at only 42% penetration; given that DVH_EXCL_HD accounts for 82% of brand volume, even a 3–4pp distribution gain here directly protects the forecast base of 154K units against the ongoing -7% momentum decline.

• Implement a targeted visibility intervention (secondary placement or branded cooler shelf) in the 20 highest-volume DVH_EXCL_HD outlets by mid-September 2025 to arrest the -7% 3-month decline before the October period — lag_1 (SHAP=+2.16, value=184,884) and rolling means (~206K) both indicate the brand is running well below its recent trend baseline; for a premium 1.7x-priced brand, shelf presence and perceived exclusivity will recover volume more effectively than price promotion, which risks eroding the premium positioning at rank #12.

• Stabilise the volatile demand signal (CV=1.24) by negotiating a forward-fill agreement with the top-5 DVH accounts covering a minimum 8-week stock commitment from August 2025 — high volatility combined with a high lag_1 dependency means the October forecast is acutely sensitive to September sell-through; locking in baseline replenishment reduces the risk of a stock-out-driven undershoot and provides a more stable rolling mean input that currently anchors +0.67 SHAP contribution to the forecast.",9.955924167938065,"• Defend volume in Capital Area DVH stores by securing 2 additional facings for Fever Tree's top 3 SKUs (e.g. Mediterranean Tonic, Ginger Beer, Elderflower) in the top-25 highest-turnover outlets by 1 October 2025 — the forecast shows a meaningful step-down from the lag_1 baseline of ~185K to ~154K units (-17%), and with weighted_dist at only 0.42, shelf presence rather than price cuts is the right lever for a premium brand with strong Capital Area fit among 30-49 urban males.

• Activate a targeted digital sampling or ""perfect serve"" campaign aimed at the 30-49 urban male segment (52% of surveyed base, mean age 46yr) in Copenhagen/Capital Area DVH outlets during September–October 2025, converting the strong brand-region fit into incremental trial — the rolling_mean_4 and rolling_mean_13 SHAP drivers (both ~206K) confirm the brand has been running well above the October forecast, suggesting a seasonal softening (month_cos = -0.15) that a demand-stimulation push can partially offset without compromising premium price positioning.

• Review and selectively expand weighted distribution by +5pp within Capital Area DVH_EXCL_HD by 15 September 2025, prioritising premium on-trade-adjacent retail formats frequented by the 30-49 urban demographic — at 0.42 weighted distribution there is meaningful headroom, and given the brand's strong regional fit and stable long-run rolling averages (~206K), closing distribution gaps in the right outlets is the highest-ROI action to close the ~30K unit gap between recent trend and the October forecast.",12.48213575000409
ULUDAG,TOTAL_DISCOUNT,2025-11-01,"• Protect distribution weight at current levels (target ≥95% weighted distribution in TOTAL_DISCOUNT) through November 2025 — lag_1 is the dominant SHAP driver (+2.46) with a prior-month volume of 220,022 units, indicating strong momentum that is highly sensitive to any shelf or listing losses; even a 2–3pp distribution drop could materially erode the 150,074-unit forecast.

• Pre-negotiate promotional slots for November 2025 at a reduced depth (cap discount mechanic at ≤18% off RSP vs. any deeper October activations) — rolling_mean_4 (+0.74, value 185,545) and rolling_mean_13 (+0.39, value 194,001) both signal sustained organic baseline demand well above forecast, meaning heavy promotional investment is not needed to hit volume targets and margin can be recovered.

• Rebalance assortment towards the top 2 SKUs by velocity in TOTAL_DISCOUNT by 1 November 2025, ensuring each holds a minimum 4-facing shelf position — brand_mean_sales SHAP (+0.15, value 78,187) confirms category-level brand equity is a positive contributor, and month_cos (SHAP=−0.18) flags a seasonal headwind entering November; concentrating facings on proven performers will defend volume against the seasonal drag without requiring incremental spend.",9.625953626062255,"• Stabilise promotional depth in TOTAL_DISCOUNT by capping discount frequency at no more than 2 promotional events in November 2025 — the forecast shows a significant step-down from lag_1 (220K units) to 150K, indicating post-promotion volume decay; with CV=1.20 volatility and value pricing already at 0.5x category median, further price-driven activation risks margin erosion without sustainable volume uplift in ULUDAG's core channel (65% of brand volume).

• Protect shelf space and secondary placement in the top-30 highest-volume TOTAL_DISCOUNT outlets by end of October 2025, securing a minimum 3 facings per SKU — the rolling_mean_13 (194K) sits well above the November forecast (150K), signalling seasonal softness driven by month_cos (-0.18); for a mid-tier value brand ranked #13 of 77, maintaining physical availability during the seasonal dip is higher-ROI than promotional cuts, preventing volume loss from ranging or de-listing decisions ahead of the period.

• Activate a targeted bundle or multi-pack mechanic (e.g. 3-for-2 format) in TOTAL_DISCOUNT for November 2025, aiming to recover 15–20K units toward the rolling_mean_4 baseline of 185K — stable momentum (+1.2%) confirms underlying demand is intact; a volume-driving format rather than a price-cut approach protects ULUDAG's value positioning while leveraging the discount channel's shopper behaviour, addressing the gap between forecast and recent trend without compressing per-unit margin further.",10.38670216704486,"• Defend volume momentum in Central Jutland discount stores by securing a promotional slot (e.g. 2-for-1 or bundle deal) in the top-15 highest-volume TOTAL_DISCOUNT outlets by 2025-11-01 — lag_1 SHAP of +2.46 on a prior-period volume of 220,022 units signals strong carry-over momentum, but the November forecast of 150,074 represents a ~32% sequential drop driven by negative seasonality (month_cos SHAP -0.18); a targeted promo in Central Jutland, ULUDAG's primary discount hotspot, can cushion that seasonal decay without requiring broad price cuts that would erode the brand's ethnic-community premium perception.

• Realign in-store assortment in Central Jutland discount locations toward formats and SKUs indexed to the 25–44 urban-diverse demographic (e.g. larger PET formats or multipack configurations popular with household buyers) and ensure these are ranged in at least 80% of the top-15 outlets by 2025-10-15 — the regional shopper skews slightly older (mean 48.3yr vs. national 47.7yr) and 51% male, indicating a moderate brand-fit gap against ULUDAG's core 25–44 ethnic target; correcting assortment toward formats that bridge both groups (family-size value packs) can lift basket size and partially offset the forecast volume decline while maintaining relevance to the core demographic.

• Invest in 2 additional shelf facings for ULUDAG's hero SKU in the top-10 Central Jutland discount stores by 2025-10-20 — rolling_mean_4 (SHAP +0.74, value 185,545) and rolling_mean_13 (SHAP +0.39, value 194,001) confirm sustained mid-term volume at levels well above the November forecast, suggesting the brand has structural demand that is not fully converting at shelf; in a discount channel where visibility directly drives impulse purchase, incremental facings are a higher-ROI lever than price reduction for a brand with demonstrated baseline strength.",13.622115124075208
SAN PELLEGRINO,CONVENIENCE,2025-12-01,"• Expand distribution weight by 5pp in Convenience (from current 0.20 to 0.25) by November 30, 2025 — weighted_dist is the single strongest forecast driver (SHAP=+0.87) yet sits at only 0.20, indicating significant untapped outlet coverage; closing even a portion of this gap should directly lift the December volume above the 5,437-unit baseline.

• Protect shelf presence and negotiate forward-booking agreements with top Convenience accounts for December 2025 by November 15, 2025 — lag_1 (SHAP=+0.65, value=5,783 units) confirms strong recent momentum, and the positive month_cos signal (SHAP=+0.18, value=1.00) points to a seasonal tailwind; locking in facings and stock commitments early will prevent out-of-stocks from eroding this carry-forward demand.

• Reduce promotional depth by ~10% (e.g., from current discount level to no deeper than 15% off RSP) for December 2025 — rolling_mean_13 (SHAP=−0.36, value=6,439) and channel_mean_sales (SHAP=−0.56, value=46,056) both exert downward pressure, suggesting the channel average is dragging the forecast; with organic baseline demand solid (lag_1 ~5,783), heavy promotional spend is unlikely to recover volume against this structural channel headwind and margin is better preserved by tightening discount mechanics.",9.969737042032648,"• Stabilise weighted distribution in Convenience by securing listings in at least 15 additional CVS outlets before December 2025, targeting a distribution uplift from the current 0.20 weighted score toward 0.30 — the top SHAP driver (+0.87) is weighted distribution, yet Convenience represents only 4% of brand volume, signalling this is a peripheral, under-penetrated channel where incremental listings carry outsized forecast impact; at a 0.6x value price tier, SAN PELLEGRINO is competitively priced for impulse CVS shoppers and faces no premium barrier to trial.

• Defend the current ~5,800-unit sales base (lag_1 SHAP=+0.65) by locking in a minimum 2-facing shelf standard across existing Convenience accounts by November 2025 — the rolling 13-week mean (6,439 units) is running above the December forecast (5,437 units), indicating a mild downward drift; given the brand's high volatility (CV=1.37) and stable but flat momentum (+0.5%), a visibility floor prevents further erosion without requiring price investment that would undermine the value positioning.

• Introduce a focused 4-week chilled placement trial in the top-10 highest-volume Convenience doors in December 2025, targeting a 10% volume uplift on the forecasted 5,437 units — the channel_mean_sales SHAP is negative (-0.56 vs. 46,056 channel average), suggesting SAN PELLEGRINO is underperforming relative to channel norms; chilled adjacency (cold vault or chiller shelf) is a proven CVS conversion lever for sparkling water at value price points, directly addressing the channel underperformance signal without requiring promotional spend.",12.038619750004727,"• Expand weighted distribution in Capital Area convenience stores from current 0.20 to at least 0.35 by 2025-11-01 — weighted_dist is the single strongest positive driver (SHAP=+0.87) yet sits at a critically low 0.20, meaning San Pellegrino is severely under-distributed relative to its opportunity; the brand's strong regional fit (Capital Area, 30-49 urban demographic, -1.6yr younger skew) makes this the highest-ROI lever available, and closing the distribution gap before December peak could add ~1,500–2,000 incremental units against the 5,437 forecast baseline.

• Prioritise SKU placement in the top-30 Capital Area convenience locations (7-Eleven, Reitan, petrol forecourts) with a minimum 2-facing shelf standard by 2025-10-15 — the rolling_mean_13 (6,439) and lag_1 (5,783) both signal a softening volume trend heading into December, yet channel_mean_sales of 46,056 confirms the convenience channel broadly outperforms; San Pellegrino's premium urban positioning (52% male, age 46) aligns with high-footfall urban convenience formats where visibility — not price promotion — drives trial among this demographic.

• Introduce a targeted impulse price-point bundle (e.g. 2×250ml for DKK 29–32) exclusively in Capital Area convenience by 2025-11-15 to defend against the negative channel_mean_sales drag (SHAP=-0.56) without diluting premium equity — rather than a broad price cut, a format-specific bundle preserves the 1.x price premium appropriate for a prestige sparkling water brand while stimulating incremental purchase occasions among the 30-49 urban male core, directly countering the downward seasonal pressure flagged by the negative rolling mean SHAP signal.",12.59290783398319
CARIBIA,DVH_EXCL_HD,2026-01-01,"• Protect and grow weighted distribution by +4pp (from 0.48 to 0.52) in DVH_EXCL_HD by January 2026 — weighted_dist is the #3 SHAP driver (+0.53) and current penetration at 0.48 leaves meaningful headroom; closing this gap could directly lift the 88,585-unit forecast toward the recent lag_1 momentum level of 159,235 units.

• Lock in shelf presence and retailer agreements for January 2026 by November 2025 — lag_1 (SHAP=+2.12, value=159,235) is the dominant forecast driver, signalling that December 2025 sell-through is critical; negotiate a minimum 10% volume commitment with key DVH_EXCL_HD accounts in December to protect the January baseline.

• Limit promotional discounting to no more than 12% of volume in January 2026 — rolling_mean_13 (SHAP=+0.12, value=86,162) confirms stable long-run organic demand, and rolling_mean_4 (SHAP=+0.62, value=108,808) shows near-term momentum is already strong; heavy promo investment is not needed to hit the 88,585-unit target and would erode margin unnecessarily.",7.846422290953342,"• Accelerate weighted distribution in DVH_EXCL_HD from the current 0.48 to at least 0.58 by March 2026 — SHAP confirms weighted_dist is the third-strongest positive driver (+0.53), and with CARIBIA's strong +20% momentum and value pricing (0.4x category median), incremental distribution in this secondary channel (53% of volume) will convert efficiently; at this price tier, volume is distribution-elastic and the growth window should be captured before momentum normalises.

• Implement a rolling 4-week volume smoothing promotion mechanic (e.g. multi-pack or bundle incentive) targeting the highest-CV outlets within DVH_EXCL_HD by February 2026 — the forecast of 88,585 units represents a significant step-down from the lag_1 value of 159,235 units driving the model (+2.12 SHAP), and with CV=0.62 indicating high volatility, a structured promotional cadence will reduce demand spikes and troughs, protecting shelf availability and retailer confidence in a channel that is already secondary for the brand.

• Lock in a Q1 2026 assortment review with DVH_EXCL_HD buyers by January 2026 to protect and expand facings on CARIBIA's core SKUs — rolling_mean_13 (SHAP=+0.12, value=86,162) signals the long-run baseline is building upward, and as a mid-tier value brand at rank #15 with growing momentum, now is the right moment to negotiate improved shelf position before competitors respond; securing 1–2 additional facings in the top-30 DVH stores would directly amplify the distribution gains above.",11.027006791089661,"• Prioritise weighted distribution expansion in Capital Area DVH_EXCL_HD stores by March 2026, targeting a +8pp increase from the current 0.48 weighted distribution score — the forecast of 88,585 units is heavily anchored to lag_1 (159,234 units), signalling a sharp sequential volume decline; distribution (SHAP=+0.53) is the most actionable near-term lever, and the Capital Area's slightly younger skew (mean age 46.1yr vs. national 47.7yr) aligns moderately with CARIBIA's 25–44 family demographic, making incremental door gains here more productive than in lower-fit regions.

• Launch a January–February 2026 family-occasion activation (e.g. bundled multi-pack or meal-pairing mechanic) in the top-15 Capital Area DVH_EXCL_HD doors to defend against the rolling mean decay visible in the SHAP data (rolling_mean_4 = 108,808 vs. rolling_mean_13 = 86,162, both positive but converging downward toward the 88,585 forecast) — target a +10% uplift on baseline units in those doors; the 52% male shopper profile in the region suggests messaging should balance family utility with individual choice to avoid demographic mismatch with the core 25–44 family target.

• Reassess assortment depth in DVH_EXCL_HD by end of February 2026, ensuring CARIBIA's highest-velocity SKUs hold a minimum 2-facing standard across Capital Area stores — the month_cos seasonality driver (SHAP=−0.15) indicates a mild January headwind, and with moderate brand-region fit, shelf standout rather than price promotion is the appropriate lever to protect volume without eroding brand equity during a seasonally soft period.",12.030316418036819
ORANGINA,TOTAL_DISCOUNT,2025-09-01,"• Investigate and resolve the zero weighted distribution reading in TOTAL_DISCOUNT immediately — weighted_dist is a top-5 SHAP driver with a negative drag (SHAP=−0.29, value=0.00), suggesting Orangina has no measured weighted distribution in this channel; secure listings with at least 3 key discount retailers (e.g., Netto, Rema 1000, Lidl) to establish a baseline ≥15pp weighted distribution by August 2025, ahead of the September forecast period.

• Leverage the strong momentum from lag_1 (SHAP=+1.14, value=7,029 units) by locking in shelf space and stock commitments with discount buyers for September 2025 at a minimum of 7,400 units — the prior month's volume is the single largest positive driver, meaning sustaining or growing August sell-through directly lifts the September outcome; negotiate a guaranteed forward order of +5% vs. the 7,029 August baseline by end of July 2025.

• Address the structural drag from rolling_mean_13 (SHAP=−0.49, value=4,513 units) by running a targeted price-promotion in TOTAL_DISCOUNT for 2–3 weeks in September 2025 at a 10–12% price reduction — the 13-week rolling average of ~4,513 units is significantly below the lag_1 level of 7,029, indicating recent historical weakness that is suppressing the forecast; a short, sharp promotional burst will help reset the rolling baseline upward for Q4 2025 without eroding long-term price positioning.",10.533151083975099,"• Investigate and address the zero weighted distribution (SHAP=-0.29, value=0.00) in Total Discount immediately — restore active listings in at least 5 key discount banners (e.g. Netto, Rema 1000) by October 2025; for a value-priced niche brand (0.6x category median, rank #41) where discount is already 43% of total volume, a distribution gap in this channel is disproportionately damaging and directly suppresses the September forecast of 7,367 units.

• Stabilise the severe volume volatility (CV=0.87) by negotiating a fixed promotional slot cadence — target 2 confirmed feature weeks per quarter in discount channel from Q4 2025 onwards; the -37.7% momentum decline combined with erratic lag signals (lag_2=9, lag_3=22 vs lag_1=7,029) suggests irregular promotional activity is driving boom-bust cycles rather than sustainable baseline volume, which is particularly harmful for a niche brand with limited shelf equity in a secondary channel.

• Defend the current September volume base of 7,367 units by anchoring at least one price-marked pack (PMP) promotion in discount by mid-September 2025, leveraging the brand's value positioning (0.6x category median) as a genuine competitive differentiator — avoid further price cuts which would erode margin without brand-building benefit; instead use the PMP mechanic to drive trial and repeat in a channel where the rolling 13-week mean (4,513 units, SHAP=-0.49) signals structural underperformance relative to recent peaks.",10.69868733297335,"• Activate a targeted in-store promotional mechanic (e.g. 2-for-1 or bundle with a complementary SKU) across the top-15 TOTAL_DISCOUNT outlets in Central Jutland by 15 September 2025 — the forecast of 7,367 units is momentum-driven (lag_1 SHAP +1.14 off 7,029 units), signalling a genuine short-term upswing worth amplifying; however, weighted_dist SHAP is -0.29 at value 0.00, indicating zero active distribution weight is currently suppressing the ceiling; a promo push in the primary hotspot region can convert footfall into volume before the window closes.

• Negotiate a minimum 1 additional facing for Orangina's core 1.5L and multipack formats in Central Jutland discount stores by 1 October 2025, prioritising the 18-44 male shopper fixture (chilled/impulse aisle) — the regional demographic skews slightly older (mean age 48.3yr vs. national 47.7yr, Δ +0.6yr) and 51% male, creating a moderate brand-fit gap against Orangina's 18-44 urban target; compensating with stronger shelf presence and eye-level placement for the multipack format (higher per-unit value, family/group occasion) can partially offset the demographic mismatch and protect volume without requiring a price cut.

• Develop a geo-targeted digital activation (Meta/Snapchat) aimed at 18-34 urban consumers within Central Jutland postal codes, with a 4-week flight running 1–28 September 2025 and a minimum reach of 40,000 unique users — the rolling_mean_13 SHAP of -0.49 (value 4,513 units) shows that the 13-week structural baseline is dragging against the near-term spike, meaning the brand lacks sustained demand momentum; recruiting younger consumers digitally into the discount channel addresses both the demographic fit gap and the structural baseline weakness, building a pipeline that supports volume beyond the September peak.",13.409088166023139
CHUPA CHUPS,DVH_EXCL_HD,2025-11-01,"• Investigate and address the sharp volume decline reflected in lag_1 (577.75 units, SHAP=-1.16) by auditing October 2025 sell-out data and identifying root causes (e.g., out-of-stocks, lost listings) — the lag_1 driver is the single largest negative force on the November forecast, pulling volume down significantly from the rolling_mean_13 baseline of 1,453 units.

• Restore weighted distribution from its current value of 0.00 by securing active listings in at least 5 key DVH_EXCL_HD accounts by November 1, 2025 — weighted_dist is a top-5 SHAP driver (SHAP=-0.12) and a value of 0.00 indicates a complete distribution gap in this channel, which is directly suppressing the 1,002-unit forecast.

• Deploy a targeted promotional push (e.g., 15–20% temporary price reduction or bundled display) in DVH_EXCL_HD for October–November 2025 to rebuild momentum — the gap between rolling_mean_13 (1,453 units) and the current forecast (1,002 units) represents a ~31% volume shortfall versus recent trend, and short-term activation can help close this gap while distribution is being re-established.",9.161426209029742,"• Stabilise near-term volume by securing a focused promotional activation (e.g. multipack or impulse bundle) in the top-15 DVH_EXCL_HD doors by 2025-11-01 — the lag_1 SHAP of -1.16 on a prior value of only 578 units signals a sharp recent sales drop that is dragging the forecast down; given CHUPA CHUPS' value positioning (0.7x category median) and high volatility (CV=1.95), a short-burst price-mechanic promotion is a credible lever to arrest the -36.2% momentum decline without eroding brand equity in this secondary channel.

• Audit and restore weighted distribution in DVH_EXCL_HD immediately, targeting a minimum 10pp increase in weighted distribution by 2025-10-15 — the weighted_dist SHAP driver is contributing negatively at a value of 0.00, indicating near-zero effective distribution presence; for a niche brand (rank #43) where DVH_EXCL_HD represents 55% of total volume, even partial distribution recovery in this channel has outsized impact on total brand volume and directly addresses the structural cause of the rolling mean decline (rolling_mean_13 falling from ~1,453 to ~1,101 units).

• Rationalise SKU assortment to 2–3 highest-velocity lines in DVH_EXCL_HD by 2025-11-01 to reduce volatility and improve in-stock reliability — with a CV of 1.95 this brand is among the most volatile in the portfolio, and the long-run rolling mean decay (rolling_mean_13=1,453 vs rolling_mean_4=1,101) suggests sustained erosion rather than a one-off dip; concentrating facings on proven movers in a value-tier impulse brand reduces out-of-stock risk and smooths the demand signal, which is critical before the November seasonal uplift window (month_cos=0.87 indicates a seasonal tailwind that should be captured, not wasted on fragmented SKU coverage).",12.547419332957361,"• Activate a Capital Area family-focused in-store display push across the top-15 DVH_EXCL_HD outlets by 1 November 2025, targeting a +15% uplift on the 1,002-unit forecast — all five SHAP drivers are negative, with lag_1 (SHAP=-1.16) anchoring the forecast to a low recent baseline of 578 units, signalling a momentum trough that requires a visibility intervention; Chupa Chups' 8-17 kid/family demographic aligns moderately with the Capital Area's slightly younger-than-national age profile (46.1yr vs 47.7yr national), making eye-level placement and themed seasonal displays (Halloween/autumn) the highest-ROI lever to break the negative momentum without discounting.

• Restore weighted distribution from its current floor of 0.00 to at least 0.30 in the Capital Area DVH_EXCL_HD channel by 15 October 2025 — weighted_dist (SHAP=-0.12, value=0.00) is actively suppressing the forecast, and with rolling_mean_13 at 1,453 units versus the November forecast of 1,002, there is a structural volume gap of ~450 units that partial distribution recovery alone could begin to close; prioritise the 3-5 highest-footfall Capital Area stores where family shopper penetration is strongest given the 52% male/family-skewed survey base.

• Launch a pre-Christmas multipack assortment (3-5 SKU variety packs priced at a 10-15% per-unit discount vs. singles) for the DVH_EXCL_HD channel by 1 November 2025 to counteract the seasonal drag flagged by month_cos (SHAP=-0.18, value=0.87) — this cosine signal indicates the November timing is a cyclical soft spot; a family-oriented multipack mechanic directly addresses the 8-17 kid demographic and gives the moderate brand-region fit a concrete gifting hook, with a target of converting at least 20% of baseline volume into higher-basket multipack transactions.",14.21161683392711
FRESH,TOTAL_DISCOUNT,2025-11-01,"• Protect volume momentum by securing shelf presence and retailer commitment for at least 90% of current distribution points in TOTAL_DISCOUNT by October 2025 — lag_1 is the dominant driver (SHAP=+1.37, prior month volume=22,770 units), meaning November's forecast of 14,183 units is heavily anchored to recent performance; any distribution loss will disproportionately erode the baseline.

• Activate a targeted short-term promotional push (e.g., 10–15% price reduction or multi-buy mechanic) in the first two weeks of November 2025 — rolling_mean_13 (SHAP=-0.45, value=16,811) is dragging the forecast down relative to brand_mean_sales (SHAP=+0.22, value=24,821), signalling that the longer-term trend is underperforming the brand's structural sales level; a focused promo can close ~2,000–3,000 units of that gap without requiring sustained investment.

• Align assortment to the top 3 SKUs driving brand_mean_sales by November 1 2025 — brand_mean_sales (SHAP=+0.22, value=24,821) sits well above the forecast of 14,183 units, indicating untapped volume potential in TOTAL_DISCOUNT; rationalising to highest-velocity SKUs and negotiating incremental facings for those lines can help close the ~30% gap between channel forecast and brand average.",9.61491554195527,"• Investigate and address the root cause of FRESH's -45.8% volume decline in TOTAL_DISCOUNT before committing further investment: audit SKU availability, shelf placement, and promotional frequency across discount stores by end of October 2025 — the lag_1 SHAP of +1.37 confirms recent sales momentum is the dominant forecast driver, meaning the depressed November forecast of 14,183 units (vs. a brand mean of ~24,821) is mechanically locked in by the current slump; stabilising the baseline now is prerequisite to any recovery.

• Run a targeted short-cycle price-activation mechanic (e.g. multipack bundle or volume deal) in the top-10 highest-volume discount doors for a 3-week window in November 2025, aiming to lift units by at least 15% (~2,100 units) toward the rolling 13-week mean of 16,811 — FRESH is already a value-tier brand at 0.7x category median, so margin risk on promotional depth is lower than for premium peers, and the rolling_mean_4 SHAP (+0.21) signals that a short burst of elevated recent sales would positively feed forward into December's forecast.

• Given that TOTAL_DISCOUNT represents only 9% of brand volume and the channel shows extreme volatility (CV=1.38), cap incremental trade investment here at no more than 5% of FRESH's total promotional budget for Q4 2025 and redirect remaining resource to FRESH's primary channels — the peripheral channel position combined with high volatility means ROI on discount-channel spend is structurally uncertain, and protecting volume in core channels will do more to stabilise the brand_mean_sales driver (currently +0.22 SHAP) than chasing recovery in a minor, erratic outlet.",11.714363166014664,"• Defend volume in Central Jutland discount stores by securing a minimum 2-facing shelf block on FRESH's core family SKUs before November 1 2025 — the forecast of 14,183 units represents a sharp sequential decline from the lag_1 value of 22,770 units (−38%), and with Central Jutland as the primary discount hotspot for FRESH, protecting physical visibility in this region's top-30 discount outlets is the highest-leverage lever to arrest the drop without eroding the family-oriented value positioning.

• Launch a targeted family-bundle promotion (e.g. 2-for-1 or multipack at a 10–12% unit price reduction) in Central Jutland discount stores for the first two weeks of November 2025 — the rolling_mean_13 SHAP of −0.45 signals that the 13-week trend is dragging the forecast below the brand's historical mean sales of 24,821 units, indicating structural softness; a time-limited bundle mechanic appeals directly to the 25–54 family demographic (slightly older at mean 48.3yr vs. national 47.7yr) who are value-sensitive but respond to pack-size incentives rather than deep single-unit discounts.

• Reallocate at least 60% of November discount-channel activation spend toward the Central Jutland region by October 15 2025 — the rolling_mean_4 SHAP of +0.21 (value 12,646 units) shows recent short-term momentum is modestly positive, suggesting a concentrated regional push can compound that uptick; the moderate brand-region fit score indicates FRESH has headroom to grow relevance with the slightly male-skewed (51%), older family shopper base in this region through in-store POS materials emphasising family-occasion messaging rather than generic price communication.",12.981827666983008
VIMTO,CONVENIENCE,2026-02-01,"• Investigate and address the distribution or ranging gap in Convenience by targeting a minimum of 5 additional SKU-stocking outlets by January 2026 — lag_1 (SHAP=-3.44, value=15.60) is the dominant negative driver, signalling a sharp recent volume decline from 15.60 units that is pulling the February forecast down to just 12 units; reversing outlet-level availability is the fastest lever to arrest this trend.

• Introduce a short-term promotional mechanic (e.g., 2-for-£X or price-marked pack) targeting a 20% volume uplift to ~14–15 units for February 2026 — rolling_mean_4 (SHAP=-0.80, value=15.79) confirms the 4-week average sits above the forecast, meaning recent softness is not structural; a tactical promo in Convenience can close the gap back toward the recent run-rate before the trend embeds further.

• Review VIMTO's Convenience assortment against the broader channel benchmark by end of January 2026 — channel_mean_sales (SHAP=-0.31, value=46,055.96) dwarfs brand_mean_sales (515.98), indicating VIMTO is significantly under-indexing versus category norms in this channel; prioritise listing at least one incremental format (e.g., single-serve PET or can) to close the share gap.",10.110004874994047,"• Protect the +134% momentum spike by securing guaranteed minimum stock of 15–20 units in the top-5 highest-footfall Convenience outlets by January 2026 — the forecast of 12 units is being dragged down by a declining lag_1 (15.6 units prior period, SHAP=-3.44), suggesting a supply or ranging gap rather than demand collapse; given extreme volatility (CV=3.13) and peripheral channel status (1% of brand volume), even small availability wins can disproportionately shift the trend.

• Stabilise the volatile sales pattern by negotiating a fixed promotional slot (e.g. 2-for-£X or chiller feature) in Convenience for February 2026, targeting a 20% uplift from the 12-unit baseline — VIMTO's mid-market price (0.8x category median) gives headroom for value-led mechanics without margin destruction, and the rolling_mean_4 (15.79 units, SHAP=-0.80) confirms recent averages are meaningfully above the current forecast, indicating recoverable volume if visibility is maintained.

• Conduct a rapid ranging audit across Convenience accounts by end of January 2026 to identify whether the channel_mean_sales gap (SHAP=-0.31, channel average 46,056 vs brand_mean_sales 516) reflects delisting or poor placement — as a rank #63 niche brand in a peripheral channel, VIMTO is at structural risk of being ranged out during range reviews; prioritise retaining at least current SKU count in the top 10 accounts to defend the growth trajectory before the February period.",11.156683166977018,"• Defend shelf presence in Capital Area convenience stores by prioritising the top-15 highest-footfall locations (younger, male-skewing catchments) with a minimum 2-facing placement by January 2026 — the forecast of 12 units reflects a momentum-driven decline (lag_1 SHAP=-3.44 off a prior 15.6 units), and VIMTO's 18-34 ethnic/specialty demographic aligns with the Capital Area's below-national mean age (46.1yr); losing facings in this specific corridor risks accelerating the downward trend before the February period.

• Activate a targeted in-store visibility mechanic (shelf-talker or secondary placement near checkout) in Capital Area convenience by mid-January 2026, aiming to recover 3-4 units of the ~4-unit gap versus the rolling 4-week mean (15.79 units) — the rolling_mean_13 SHAP signal (value=7.95) suggests seasonal softness is structural, so a low-cost visibility nudge rather than a price cut is appropriate given the brand's specialty/ethnic positioning where price integrity matters more than volume discounting.

• Pilot a small-format multipack or impulse bundle (2-pack at a ~10% unit-price premium) targeted at the 52% male, 18-34 shopper profile in 10 Capital Area convenience doors by February 2026 — brand_mean_sales (515.98) and channel_mean_sales (46,055.96) indicate VIMTO is a minor-volume niche player in a high-volume channel, so basket-size uplift per transaction is a more realistic lever than broad distribution expansion to close the volume gap without diluting specialty brand equity.",11.363030249078292
THE PERFECT MIXER,DVH_EXCL_HD,2025-11-01,"• Investigate and correct the October 2025 volume anomaly by auditing DVH_EXCL_HD shipment/sell-out data before November 1, 2025 — lag_1 of only 8,409 units (SHAP +1.12, the dominant driver) is pulling the November forecast down to an anomalously low 29,663 units (z=−2.26); if the October dip reflects a one-off supply or reporting issue rather than true demand collapse, rebaselining the lag input could recover significant forecast volume toward the brand mean of 50,672 units.

• Reduce unit price by at least 5–8% (from 2.91 to ~2.68–2.76) effective November 2025 — unit_price_lag_1 is the third-ranked SHAP driver (−0.27) and is actively suppressing demand in DVH_EXCL_HD; a targeted price correction in this channel, even as a temporary promotional mechanic, would directly counter the pricing headwind identified in the model.

• Urgently expand weighted distribution in DVH_EXCL_HD by a minimum of 10pp (from the current near-zero value of 0.02 to at least 0.12) by November 15, 2025 — weighted_dist carries a negative SHAP of −0.30 and a value of just 0.02, indicating THE PERFECT MIXER is virtually absent from this channel's distribution network; without immediate ranging gains, neither pricing nor promotional levers can generate meaningful volume recovery against the brand's average monthly run-rate of 50,672 units.",10.644185749988537,"• Investigate and address the weighted_dist collapse (SHAP=-0.30, value=0.02) by restoring distribution coverage to at least 0.15 in DVH_EXCL_HD by end of October 2025 — this is THE PERFECT MIXER's core channel (65% of brand volume) and near-zero weighted distribution is almost certainly amplifying the -53.5% momentum decline beyond any genuine structural shift; a value-tier brand at 0.4x category median has limited pricing headroom, making distribution recovery the highest-leverage lever available before the November forecast period locks in.

• Reduce unit price from 2.91 to approximately 2.60–2.70 (a 7–10% cut) via a targeted DVH_EXCL_HD channel promotion active by 1 November 2025 — the price SHAP of -0.27 confirms demand suppression at current levels, and as a value-positioned brand (0.4x category median) THE PERFECT MIXER's equity is built on accessibility, not premium positioning; a modest price correction in this core channel is consistent with brand tier and should partially counteract the lag_1-driven pessimism (SHAP=+1.12) the model is carrying forward from the 8,409-unit prior month.

• Reduce promo intensity from the current 0.82 level to a more selective 0.50–0.60 by restructuring promotional activity into 2–3 concentrated activation windows in DVH_EXCL_HD before November 2025 — the promo_intensity_lag_1 SHAP of -0.20 indicates that sustained high-frequency promotion is eroding rather than supporting volume, a common pattern for mid-tier brands (rank #16) where promotional saturation trains shoppers to wait for deals; consolidating spend into fewer, deeper activations will protect the brand_mean_sales anchor (50,671 units, SHAP=+0.15) while reducing the drag from over-promotion.",12.593835791980382,"• Investigate and address the prior-month sales dip before November by auditing DVH_EXCL_HD outlet compliance in the Capital Area — the anomalously low forecast (z=-2.26) is mechanically anchored to the lag_1 crash (8,409 units, SHAP +1.12), meaning a genuine distribution or ranging disruption in October would directly suppress the November read; target restoring at least 15 outlet listings or correcting any delisted SKUs by October 15, 2025, given that weighted_dist is critically low (0.02, SHAP -0.30) and the brand has strong regional fit with Capital Area's younger urban 30-49 demographic.

• Introduce a targeted price-value signal for the Capital Area DVH channel — a limited-time bundle or on-shelf value mechanic (e.g., 2-for-DKK X) active October 20–November 30, 2025, designed to offset the unit price drag (unit_price_lag_1=2.91, SHAP -0.27) without eroding premium positioning; frame it as an occasion-led offer (e.g., home entertaining) to resonate with the 46yr/52% male urban shopper profile, aiming to recover 10–15% volume uplift versus the 29,663-unit forecast baseline.

• Reset promo intensity to a more moderate level (targeting promo_intensity ~0.50–0.60 vs. current 0.82) by restructuring any over-promoted activity before November 1, 2025 — the high promo_intensity_lag_1 (SHAP -0.20) is paradoxically suppressing demand, likely signalling promotional fatigue or margin-driven retailer de-prioritisation; for a premium mixer brand with strong urban brand-region fit and a brand mean of 50,672 units, sustained heavy promotion risks repositioning the brand downmarket among the 30-49 Capital Area core audience, making a quality-led visibility reset (secondary placement, recipe cards, bartender endorsement POS) a higher-ROI lever than continued discount depth.",14.838928124983795
VIMTO,CONVENIENCE,2025-12-01,"• Investigate and address the sharp volume decline driving lag_1 suppression by auditing VIMTO SKU availability in Convenience by 15 November 2025 — lag_1 is the dominant negative SHAP driver (−3.69) against a prior-month value of 18.57 units, suggesting a sudden drop-off that risks further erosion into December; confirm whether a ranging cut, out-of-stock, or delisting is responsible and restore distribution to at least 15 units run-rate.

• Negotiate a targeted promotional placement (e.g., till-point or chiller feature) for VIMTO in Convenience for the first two weeks of December 2025 — rolling_mean_4 (SHAP=−1.12, value=8.68) confirms a sustained 4-week softening trend; a short-burst promo mechanic (minimum 20% price reduction or 2-for-1) is needed to reverse momentum and close the gap to the channel_mean_sales benchmark of ~46,056 units, against which VIMTO's brand_mean of 516 units signals severe under-indexing.

• Reset the VIMTO Convenience assortment to prioritise the 1–2 highest-velocity SKUs and delist any tail formats by 1 December 2025 — with forecast volume at only 7 units and brand_mean_sales (SHAP=−0.27) acting as a further drag, concentrating facings on proven pack sizes (e.g., single-serve PET) will improve rate-of-sale per SKU and make the brand more defensible at range review.",10.709476125077344,"• Stabilise convenience channel baseline by securing a minimum 3-SKU listing in the top-10 highest-footfall convenience accounts by 2025-12-01 — the forecast of only 7 units is being dragged down heavily by lag_1 (SHAP=-3.69, reflecting a prior period drop to ~18 units) and rolling_mean_4 (SHAP=-1.12), signalling mean-reversion from volatile swings (CV=3.13); with convenience representing just 1% of brand volume, a small structured listing commitment would reduce volatility and anchor a more stable floor without requiring broad distribution investment.

• Capitalise on the +101.8% short-term momentum by running a focused impulse-purchase price promotion (10-15% off RSP) in convenience for a 4-week window ending 2025-12-01 — at 0.8x category median, VIMTO already sits in an accessible mid-market tier that suits convenience shoppers; a time-limited activation converts the recent momentum signal into sustained channel trial before the lag effect fully suppresses December volume, targeting a lift from the forecast 7 units to at least 15-20 units.

• Assign a dedicated field sales visit to the top-5 convenience accounts in the brand's existing distribution footprint by mid-November 2025 to audit secondary placement (clip strips or till-point positioning) — given VIMTO's niche rank (#63 of 77) and peripheral channel status, brand_mean_sales (SHAP=-0.27, value=515.98) confirms the brand carries minimal channel weight; secondary placement in high-dwell till zones is a low-cost, high-visibility lever appropriate for a niche brand where incremental facings outperform price cuts in driving trial.",11.688181124918628,"• Defend shelf presence in Capital Area convenience stores by reducing SKU count to the 1-2 highest-velocity VIMTO variants by 2025-11-01 — the forecast of only 7 units in December is driven by a sharply negative lag_1 SHAP (-3.69 on a prior value of 18.57), signalling rapid recent volume decay; rationalising assortment concentrates sell-through and prevents further fragmentation across a low-volume convenience footprint where the brand's ethnic/specialty positioning already limits breadth of appeal.

• Activate a targeted in-store visibility push (shelf talkers, secondary placement near checkout) in the top-10 Capital Area convenience locations with highest footfall among 18-34 male shoppers by 2025-11-15 — the brand's moderate regional fit (mean store-area age 46.1yr vs. target demographic 18-34) means passive shelf presence underperforms; the channel mean sales index (SHAP=-0.27, value ~46k) confirms the channel carries volume but VIMTO's brand mean (~516) is a fraction of it, indicating untapped capture rate rather than a structural channel mismatch.

• Negotiate a short-duration price-promotion of 10-15% off on a single hero SKU for the last two weeks of November 2025 exclusively in Capital Area convenience — the rolling 4-week mean SHAP (-1.12, value 8.68) confirms sustained downward momentum, and a time-limited price incentive targeted at the 18-34 specialty consumer (who is price-responsive but brand-curious) can reset the lag trajectory before the December forecast period closes, without permanently eroding the brand's specialty premium positioning.",11.730524998041801
AYYO,CONVENIENCE,2025-09-01,"• Protect and extend distribution weight by +3pp (from 0.63 to ~0.66) in Convenience by end of August 2025 — weighted_dist is the #2 SHAP driver (+0.91) and current penetration at 0.63 leaves meaningful headroom; securing additional convenience doors before September locks in the momentum already reflected in the 22,968-unit forecast.

• Sustain promotional support at current intensity through September 2025 rather than scaling back — lag_1 (SHAP=+1.45, value=22,872 units) confirms strong carry-over momentum, and rolling_mean_4 (+0.17 at 25,363 units) signals recent short-term strength; reducing activation now risks breaking the positive sales streak before it consolidates into the 13-month baseline (currently dampening at 19,384 units).

• Set a volume floor target of 21,500 units for October 2025 to test whether September's spike is structural — the rolling_mean_13 drag (SHAP=−0.38) and channel_mean_sales underperformance vs. channel average (46,056 units, SHAP=−0.20) indicate AYYO is still punching below the Convenience channel norm; if October volume holds above 21,500 without promo uplift, initiate a +5% SKU assortment expansion (e.g., add one incremental format) to capture latent channel demand.",10.551954917085823,"• Lock in distribution gains in Convenience by sustaining weighted_dist at or above 0.63 through Q4 2025 — negotiate shelf agreements with the top-15 Convenience accounts by 2025-09-30 to prevent distribution slippage; AYYO's +33.5% momentum is distribution-led (SHAP=+0.91) and Convenience already represents 50% of brand volume, meaning any contraction here directly threatens the growth trajectory for a value-tier (#30/77) brand that cannot rely on premium pull to compensate.

• Introduce a volume-anchoring promotional mechanic (e.g. multipack or 2-for deal) in Convenience for September 2025 targeting a 5% uplift on the 22,968 unit forecast — AYYO's high volatility (CV=0.99) means the current momentum spike risks a sharp reversal once the lag_1 effect normalises; a structured value promotion is appropriate for a 0.6x price-tier brand and will help convert the short-term sales spike into a higher rolling baseline, gradually lifting the 13-month mean (currently dampening the forecast at SHAP=−0.38).

• Reduce forecast-to-stock risk by capping Convenience replenishment orders at 110% of the 22,968 unit forecast (≈25,265 units) for the September 2025 cycle — the anomaly is low-severity and momentum-driven rather than structural, and with CV=0.99 a full build-up to the elevated forecast level creates meaningful overstock exposure; a mid-tier value brand in a secondary channel has limited markdown flexibility, so a conservative stock ceiling protects margin while still capturing the upside if momentum holds.",12.949834375001956,"• Concentrate weighted distribution push in Capital Area convenience stores by 2025-09-01, targeting a +5pp increase in weighted distribution (from current 0.63 to ~0.68) across the top-30 urban CPH locations — lag_1 SHAP (+1.45 at 22,872 units) confirms strong carry-over momentum, and weighted_dist is the second-largest upward driver (+0.91); AYYO's 18-34 urban target demographic aligns directly with Capital Area's younger-than-national profile (mean age 46.1yr vs. 47.7yr nationally), making incremental shelf presence here higher-ROI than broader national distribution.

• Launch a targeted in-store activation (e.g. eye-level placement + shelf-talker) in Capital Area convenience by mid-August 2025 to sustain the current sales run-rate above the 13-month rolling mean (19,384 units) and defend the forecasted 22,968-unit level — the rolling_mean_13 SHAP (-0.38) signals a gravitational pull back toward the historical baseline; with 52% male respondents aged under the national average, format-specific activations (single-serve cold grab-and-go) will resonate with the core demographic and counteract mean-reversion pressure before September.

• Do not expand into non-Capital convenience regions before Q4 2025 — channel_mean_sales SHAP (-0.20 at 46,056 units) indicates AYYO is running well below the channel average, suggesting moderate brand-region fit outside the urban core; with anomaly severity rated low and the spike attributed to momentum rather than structural growth, premature geographic expansion risks diluting sell-through rates and inflating distribution costs before the brand has demonstrated repeatable volume above the 4-month rolling mean (25,363 units).",13.003852707974147
HANCOCK,TOTAL_DISCOUNT,2026-01-01,"• Protect volume momentum by securing shelf space and distribution commitments in TOTAL_DISCOUNT for January 2026 at current or +2pp weighted distribution — lag_1 (SHAP=+2.07, value=107,131 units) is the dominant forecast driver, meaning the strong December 2025 sell-through is directly carrying January's 83,313-unit forecast; any distribution gaps or ranging cuts in the post-holiday reset will disproportionately erode volume.

• Limit promotional depth to no more than 10–12% of SKUs on deal during January 2026 — rolling_mean_4 (SHAP=+0.62, value=83,339) and brand_mean_sales (SHAP=+0.28, value=99,311) confirm sustained underlying demand well above the January forecast, indicating organic pull is strong enough to carry the period without heavy promotional investment; reallocating saved promo budget to February activation will better defend against the seasonal trough signalled by month_cos (SHAP=−0.18).

• Investigate and address the lag_2 drag by auditing the November 2025 volume dip (lag_2 value=65,959, SHAP=−0.12) before end of December 2025 — this lower baseline two months back is acting as a mild headwind on the January forecast; if the dip was driven by a specific SKU delisting or out-of-stock event in TOTAL_DISCOUNT, reinstating that SKU or resolving supply constraints could recover an estimated 2,000–4,000 incremental units in January.",9.62393629096914,"• Defend volume floor with a targeted price-promotion mechanic (e.g. multi-buy 3-for-2) across the top-15 discount chain accounts by March 2026 — lag_1 (SHAP=+2.07, value=107K) signals the prior period's strong volume is the dominant forecast anchor, but the -13.3% recent momentum trend risks eroding that base; at 0.4x category median price, HANCOCK's value positioning makes promotional mechanics the highest-ROI lever to arrest decline without margin sacrifice in this peripheral channel (25% of brand volume).

• Stabilise SKU assortment by rationalising to the 2-3 highest-velocity formats in discount by February 2026, targeting a CV reduction from 0.95 toward 0.70 — the extreme volatility (CV=0.95) combined with a rolling_mean_4 of 83,339 closely matching the forecast (83,313) indicates the brand is oscillating around a flat mean rather than growing; for a mass-market value brand in a peripheral channel, SKU complexity amplifies volatility without volume upside, and tighter assortment focus will improve on-shelf availability and reduce stockout-driven swings.

• Set a volume recovery target of +10% vs. forecast (≈91,600 units) for Q2 2026 by negotiating a secondary placement (e.g. aisle-end or checkout stack) in at least 10 key discount doors by April 2026 — brand_mean_sales of 99,311 confirms structural capacity well above the current forecast level, and as a rank #9 mass-market brand, HANCOCK has the scale credibility to justify incremental space; secondary placements in discount are a proven volume driver for high-frequency value brands and directly address the gap between historical average and current declining trajectory.",12.838411832985003,"• Defend volume in Central Jutland discount stores by securing a minimum 2-facing shelf block on HANCOCK's core SKU across the top-25 highest-volume TOTAL_DISCOUNT outlets by March 2026 — the lag_1 SHAP of +2.07 on a prior-period value of 107,131 units signals strong momentum carry-over, but the forecast of 83,313 represents a ~22% step-down from that peak; protecting physical visibility in the brand's primary hotspot (Central Jutland, 51% male, mean age 48.3yr) is the highest-ROI lever to arrest that gap without eroding the value/traditional positioning.

• Launch a targeted January–February 2026 multi-buy mechanic (e.g. 3-for-2 or bundle with a complementary SKU) exclusively in TOTAL_DISCOUNT in Central Jutland, aiming to recover 8,000–10,000 units toward the rolling_mean_4 baseline of 83,339 — the rolling mean SHAP (+0.62) confirms the brand is tracking close to its own recent average, meaning a modest volume stimulus timed to the post-holiday trough (month_cos SHAP −0.18 flags seasonal headwind in January) can close the gap; a multi-buy rather than a straight price cut preserves perceived value for the 45–64 rural male core who respond to quantity reward over discount signalling.

• Brief the Central Jutland field sales team to audit and correct any ranging gaps in TOTAL_DISCOUNT by 15 January 2026, targeting zero out-of-range incidents across the top-15 stores — brand_mean_sales SHAP of +0.28 on a long-run average of 99,311 units confirms structural demand exists well above the current forecast; given the strong regional demographic fit (older, male, rural — a loyal, habitual purchase profile), lost distribution in this channel directly converts to lost volume with low likelihood of channel substitution.",12.748058583005331
EBELTOFT,DVH_EXCL_HD,2025-12-01,"• Investigate and address the distribution gap by targeting a weighted_dist increase from 0.01 to at least 0.10 in DVH_EXCL_HD by November 30, 2025 — weighted_dist is a top-4 SHAP driver with a negative contribution (−0.22) and the current value of 0.01 is critically low, suggesting near-absent shelf presence that is actively suppressing the December forecast of 3,949 units.

• Leverage the seasonal tailwind by securing incremental placement or feature activity (e.g., 1–2 additional SKUs or display slots) in DVH_EXCL_HD before December 1, 2025 — month_cos at 1.00 with a positive SHAP of +0.28 confirms December is a peak seasonal period, meaning distribution gains made now will be amplified by natural demand uplift.

• Stabilise near-term sell-out to close the gap between lag_1 (2,305.92 units, SHAP +0.43) and the rolling 13-period mean (4,541.06 units, SHAP −0.49) by executing a targeted trade promotion or volume incentive of 10–15% off invoice for October–November 2025 — the large negative drag from rolling_mean_13 indicates recent sales have run well below historical norms, and rebuilding momentum in the two months prior to December is critical to achieving the 3,949-unit forecast.",9.211180541024078,"• Urgently investigate and address the near-zero weighted distribution (SHAP=-0.22, value=0.01) in DVH_EXCL_HD by securing listings in at least 15 additional DVH outlets before December 2025 — EBELTOFT is a niche brand (rank #46) with 100% channel concentration in DVH, meaning any distribution erosion is existential; the near-zero weighted_dist value is a critical structural drag compounding the -27.3% momentum decline and must be reversed before the December forecast period to avoid further volume deterioration below the 3,949-unit baseline.

• Stabilise near-term velocity by deploying a targeted 10% price-promotion mechanic (e.g. multipack or bundle) exclusively in the top-performing DVH doors during October–November 2025 — the lag_1 SHAP (+0.43, value=2,305 units) signals that December volume is directly anchored to November sell-through; with moderate volatility (CV=0.47) and a sharply declining trend, a short-burst promotional stimulus in the 4–6 weeks prior to the target period is the most time-efficient lever to lift the lag input and pull the December forecast above 3,949 units without permanently compromising the brand's mid-market 1.5x price positioning.

• Protect shelf presence by negotiating a minimum 2-facing guarantee at the fixture level across all current DVH listings by end of October 2025 — the rolling_mean_13 (SHAP=-0.49, value=4,541) is the single largest drag on the forecast, indicating that the long-run sales trend is pulling volume downward; for a niche mid-market brand with no secondary channel fallback, sustained shelf visibility is a higher-ROI intervention than broad distribution expansion alone, and locking in facings ahead of the December peak trading window will help arrest the structural decline reflected in the 13-week rolling average.",13.597509665996768,"• Activate a targeted in-store visibility push across the top-15 Capital Area DVH_EXCL_HD outlets by 2025-11-15, securing +2 additional facings per SKU — the rolling_mean_13 SHAP of -0.49 signals that the 13-week trailing average (4,541 units) is dragging the December forecast down to 3,949 units, indicating recent volume erosion; given EBELTOFT's moderate regional fit (age delta -1.6yr vs. national mean) and a predominantly male 45-64 demographic in the Capital Area, shelf prominence at eye level in high-footfall sections is a higher-ROI lever than price cuts for this audience segment.

• Close the weighted_dist gap (current value: 0.01, SHAP=-0.22) by onboarding at least 3 additional DVH_EXCL_HD doors in the Capital Area before 2025-11-01 — distribution is critically thin and is actively suppressing the forecast; prioritise outlets with above-average male 45-54 shopper profiles to sharpen regional-demographic alignment and capture the positive seasonal tailwind already signalled by month_cos (SHAP=+0.28, value=1.00 indicating a December peak cycle).

• Leverage the strong lag_1 signal (SHAP=+0.43, value=2,305.92) by running a focused November sell-in incentive — offer a 5% volume bonus to DVH_EXCL_HD buyers who commit to December shelf stock by 2025-11-10, converting the recent single-period uplift into sustained December momentum; frame trade communication around the brand's regional 45-64 male positioning to reinforce retailer confidence in the Capital Area consumer base and protect the 3,949-unit floor forecast.",11.078088333946653
GUARANA ANARCTICA,TOTAL_DISCOUNT,2025-10-01,"• Investigate and restore distribution coverage to a minimum of 0.10 weighted distribution weight in TOTAL_DISCOUNT by September 2025 — weighted_dist is a top-5 SHAP driver with a negative contribution (SHAP=−0.34) and its current value is 0.00, indicating complete absence from the channel; this single lever is suppressing forecast volume and must be addressed before the October period.

• Realign assortment and shelf presence in TOTAL_DISCOUNT to close the gap between lag_1 volume (9,575 units) and the 13-week rolling mean (14,882 units) by targeting a recovery to at least 6,000 units in October 2025 — the sharp negative pull from rolling_mean_13 (SHAP=−0.50) signals that recent trend momentum is dragging the forecast well below the brand's historical baseline (brand_mean_sales=5,517), suggesting a structural decline in channel activity that requires an immediate assortment or ranging review with key discount retailers by end of August 2025.

• Negotiate a minimum of 2 promotional activations (e.g., multi-pack price mechanic or feature display) with TOTAL_DISCOUNT partners for the October 2025 period — with weighted_dist at 0.00 and brand_mean_sales (SHAP=−0.35) acting as a further drag, promotional entry mechanics are needed to re-establish visibility and drive trial, targeting a 25% volume uplift from the baseline forecast of 3,102 units to approximately 3,900 units.",13.639169375936035,"• Stabilise weighted distribution in TOTAL_DISCOUNT to a minimum threshold of 0.10–0.15 weighted distribution score by November 2025 — weighted_dist is currently at 0.00 (SHAP=-0.34), meaning the brand has effectively zero weighted presence in this channel right now; given Guaraná Antarctica's +16.8% recent momentum and value price positioning (0.8x category median), securing even a handful of high-volume discount listings (target 5–8 key discount banners) would directly convert momentum into volume without requiring price investment.

• Anchor promotional frequency at 1 activation per 4-week cycle across discount listings through Q4 2025 to defend against the rolling mean drag — the rolling_mean_13 (SHAP=-0.50, value=14,881) is pulling the forecast well below the lag_1 signal (9,575 units), indicating a structural volume decline over the trailing 13 weeks that is suppressing the October forecast to 3,102 units; for a volatile niche brand (CV=1.13) in a secondary channel, short-burst value promotions (e.g. multipack or price-flash mechanic) are the appropriate lever to compress volatility and rebuild the rolling baseline without eroding the value price tier.

• Set a volume floor target of 5,500 units for October 2025 in TOTAL_DISCOUNT by aligning replenishment cycles to the brand's 36-month maturity trajectory — months_since_start (SHAP=+0.22) confirms the brand is past early-stage volatility and entering a more predictable growth phase; brand_mean_sales of 5,517 units represents the realistic central tendency, and closing the gap from the 3,102 forecast to that level is achievable through the distribution fix above combined with improved in-store placement (shelf-level visibility, not premium positioning) appropriate for a rank-#38 value brand in discount.",12.301122375938576,"• Activate a targeted youth-skewed in-store visibility push across the top-15 TOTAL_DISCOUNT stores in Central Jutland by October 2025, securing 2 additional eye-level facings and branded cooler placement — the forecast of 3,102 units represents a sharp contraction from the lag_1 value of 9,575 units, signalling a steep near-term volume drop; with weighted_dist at 0.00, distribution has effectively collapsed and must be rebuilt urgently; Central Jutland is the brand's primary discount hotspot, but the regional mean age of 48.3yr skews older than Guaraná Antarctica's 18-34 urban core, so placement near energy/impulse zones (checkout, chilled aisle ends) will maximise relevance to the younger shopper minority that drives brand volume.

• Negotiate a limited 4-week price-entry promotion (e.g. multipack deal or 2-for-1 on 500ml) exclusively in Central Jutland TOTAL_DISCOUNT from October 2025, targeting a +25% volume uplift to ~3,900 units — the rolling_mean_13 of 14,882 and brand_mean_sales of 5,517 both sit well above the 3,102 forecast, confirming the brand is underperforming its own baseline; a time-boxed price activation is appropriate here because the brand operates in the discount channel where price sensitivity is high, and a short burst avoids long-term brand equity erosion that would conflict with the aspirational 18-34 urban positioning.

• Launch a geo-targeted digital micro-campaign on TikTok/Instagram aimed at 18-28 year olds within 10km of Central Jutland discount retail clusters by mid-September 2025, driving at least 3pp uplift in prompted awareness among the under-30 segment — the regional demographic skews male (51%) and older (mean 48.3yr), meaning organic footfall from the core target is structurally limited; paid digital acquisition is the most cost-efficient lever to pull younger urban consumers into the discount channel ahead of the October period, directly counteracting the negative brand_mean_sales and rolling_mean_13 SHAP drag by rebuilding habitual purchase frequency in the right cohort.",14.24905145802768
CARLSBERG SPORT,DVH_EXCL_HD,2026-03-01,"• Urgently investigate and restore distribution in DVH_EXCL_HD to a minimum of 50% weighted distribution weight by February 2026 — weighted_dist is currently at 0.00 (SHAP=-0.96), indicating a near-total channel delisting or supply failure; without immediate re-entry, the March 2026 forecast of 3,026 units cannot be achieved and lag_1 will remain critically depressed.

• Execute an emergency stock replenishment and retailer re-engagement push targeting at least 500 units sold-in for February 2026 — lag_1 of only 5 units (SHAP=-4.10) is the single largest drag on the March forecast (z=-3.11); lifting the prior-month base above 500 units would directly reverse the dominant negative SHAP contribution and break the structural collapse signal embedded in rolling_mean_4 (value=11.25, SHAP=-0.91).

• Launch a short-term trade promotion at 20% off RSP for March 2026 exclusively in DVH_EXCL_HD — the rolling_mean_13 of 1,683 units (SHAP=-0.39) confirms the channel historically sustains high volumes, meaning the current disruption is situational rather than structural; a time-limited price incentive will accelerate retailer re-listing and consumer reactivation to close the gap back toward the long-run baseline.",10.348397873982321,"• **Emergency distribution audit across DVH_EXCL_HD** within 2 weeks (by mid-March 2026): weighted_dist has collapsed to ~0.00 (SHAP=-0.96), and since DVH_EXCL_HD represents 64% of CARLSBERG SPORT's total brand volume, a near-zero distribution reading here is existential — target restoring weighted distribution to at least 50% of pre-collapse baseline by April 2026, prioritising the top-15 highest-volume DVH outlets first to arrest the -98.8% momentum decline before it embeds further into the rolling means.

• **Implement a short-term volume recovery incentive (10–15% trade price reduction or buy-2-get-1 mechanic) for DVH_EXCL_HD retailers** active April–May 2026 — the lag_1 value of only 5 units (SHAP=-4.10) and rolling_mean_4 of 11.25 confirm a structural demand shock, not seasonal noise; at a mid-market price point (1.0x category median), CARLSBERG SPORT has room to deploy a temporary trade incentive without brand equity damage, and even recovering to 30% of the rolling_mean_13 baseline (~500 units/month) would represent a 10x improvement on current trajectory, reducing z-score severity materially before Q3.

• **Conduct a root-cause channel disruption review by March 15 2026**, engaging the top 3 DVH account managers to identify whether the collapse stems from a delisting, supply failure, or competitor displacement — given the brand's high volatility (CV=0.77) and mid-tier rank (#19 of 77), a single large account exit could explain the near-zero distribution; if a delisting is confirmed, escalate with a tailored re-ranging proposal backed by the rolling_mean_13 baseline of 1,683 units as evidence of proven channel demand, targeting re-listing by May 2026.",13.38684612500947,"• **Emergency distribution audit in Capital Area DVH_EXCL_HD stores within 2 weeks (by mid-March 2026):** weighted_dist SHAP of -0.96 at a near-zero value signals a near-total distribution collapse — not gradual erosion. Assign a field team to physically verify shelf presence and stock availability across the top-15 Capital Area DVH_EXCL_HD outlets immediately. Target restoring weighted distribution to ≥60% of pre-collapse baseline within 30 days. CARLSBERG SPORT's urban-active 18-34 positioning is highly channel-sensitive in this region; every week of absence in DVH_EXCL_HD accelerates permanent switching to competing sports/energy formats.

• **Deploy a targeted reactivation promotion (15-20% price mechanic or multipack bundle) in Capital Area DVH_EXCL_HD by April 1 2026:** lag_1 at 5 units (SHAP -4.10) and rolling_mean_4 at 11.25 confirm a structural demand shock, not seasonal noise — passive recovery is unlikely. A time-limited reactivation mechanic (e.g., 3-for-2 or 15% off) targeted at the 18-34 male urban segment (52% male, mean age 46yr region vs. 47.7yr national, indicating moderate but real fit) can re-prime purchase habit before the shock becomes entrenched. Limit the mechanic to 6 weeks to protect brand equity; CARLSBERG SPORT should not sustain deep discounting given its active-lifestyle premium cue.

• **Conduct a root-cause channel disruption review with the DVH_EXCL_HD buyer by March 15 2026, and negotiate a guaranteed facing commitment for Q2 2026:** the combination of near-zero weighted_dist, collapsed lag_1, and depressed rolling_mean_13 (1,683 units — indicating this channel historically moved meaningful volume) points to a supply-side or ranging decision rather than organic demand loss. Securing a formal ranging agreement with a minimum of 2 facings in the top-20 Capital Area doors before April will anchor the recovery trajectory and prevent the forecast's 3,026-unit Q1 figure from becoming the new structural ceiling.",16.19214662403101
