brand,channel,date,forecast,latency_A_s,latency_B_s,reco_A,reco_B
COCA COLA,DVH_EXCL_HD,2025-09-01,5534690.97365,9.098264585016295,11.529429958027322,"• Protect and extend weighted distribution by +2pp (from 0.87 to 0.89) in DVH_EXCL_HD by end of August 2025 — weighted_dist is a top-5 SHAP driver (+0.58) and incremental shelf presence at this stage of the demand curve will directly support the forecasted 5.53M unit volume in September.

• Lock in replenishment and logistics capacity to cover at least 5,534,691 units for September 2025 delivery by mid-August 2025 — lag_1 (SHAP=+2.69, value=4.5M) and both rolling means (13-week: 4.75M, 4-week: 4.77M) all point to sustained upward momentum, signalling a structural step-up in baseline demand rather than a one-off spike.

• Maintain current promotional intensity (avoid deep discounting) through September 2025 — the rolling_mean_13 and rolling_mean_4 values are converging near 4.75M and are the second and third strongest drivers, indicating robust organic demand; reallocating promo budget toward in-store visibility (e.g., secondary placement or chiller facings) will defend the forecast without eroding margin.","• Stabilise volume floor in DVH_EXCL_HD by locking in weighted distribution at or above the current 0.87 level through September 2025 — the forecast of 5.53M units is momentum-driven (lag_1 and rolling means account for the three largest SHAP contributions), meaning any distribution slip in this secondary channel (55% of brand volume) would disproportionately erode the baseline; secure shelf contracts with the top-30 DVH accounts by August 2025 to protect this floor.

• Introduce a targeted promotional pulse of 8–10% price reduction on high-velocity SKUs in DVH_EXCL_HD for a 3-week window in mid-August 2025 — Coca-Cola's high volatility (CV=0.64) signals demand is sensitive to short-term activation; as a #1-ranked mass-market brand at 1.3x category median, modest price-led promotions in this channel generate outsized volume response without threatening premium equity, and a well-timed pre-September push can lift the 5.53M forecast by an estimated 4–6% (~220–330K incremental units).

• Deploy a secondary placement (e.g. chilled end-of-aisle or checkout cooler) in at least 25 additional DVH_EXCL_HD outlets by 1 September 2025 — the stable +3.8% momentum trend is positive but modest for a #1 mass-market brand; given that brand_mean_sales (SHAP=+0.58) and weighted_dist (SHAP=+0.58) are co-equal marginal drivers, incremental physical availability gains in this secondary channel carry direct volume upside and are the highest-ROI lever available at this scale and price tier."
HARBOE,TOTAL_DISCOUNT,2025-10-01,3600380.7865149095,9.379065875022206,12.405599874968175,"• Protect distribution weight in TOTAL_DISCOUNT by maintaining ≥95% SKU availability across key discount retailers (e.g., Netto, Lidl, Rema 1000) through October 2025 — lag_1 (SHAP=+2.84, value=4.3M units) is the dominant forecast driver, signalling that October volume is heavily anchored to September's strong baseline; any distribution gaps or out-of-stocks will directly erode this momentum.

• Reduce promotional depth by 10–15pp (e.g., from ~30% to 15–20% discount mechanic) for October 2025 — rolling_mean_4 (SHAP=+1.47, value=4.9M units) and rolling_mean_13 (SHAP=+1.58, value=4.1M units) both confirm sustained organic demand strength over the past 4 and 13 weeks; heavy promotional investment is not needed to hit the 3.6M unit forecast and margin can be recovered without volume risk.

• Reallocate freed promotional budget toward a targeted assortment expansion of 1–2 high-velocity HARBOE SKUs (e.g., value-tier multipacks) in TOTAL_DISCOUNT by end of October 2025 — brand_mean_sales (SHAP=+0.67, value=2.65M units) indicates a solid brand-level baseline, but the forecast of 3.6M sits notably below the rolling_mean_4 peak of 4.9M, suggesting untapped headroom that incremental SKU breadth in the discount channel can capture.","• Secure promotional slot continuity in TOTAL_DISCOUNT for October 2025 by locking in at least 3 promotional activations (e.g. multi-pack price mechanics or shelf-end placements) before end of August 2025 — the forecast of 3.6M units represents a meaningful deceleration from the lag_1 value of 4.3M and rolling_mean_4 of 4.9M, signalling momentum is softening; for a value-tier mass-market brand (0.4x category median, rank #2) in a volatile channel (CV=0.76), price-driven promotional frequency is the primary volume lever to defend against this pullback.

• Increase facing count or secondary placement by 10% across the top-30 highest-volume TOTAL_DISCOUNT doors by mid-September 2025 — with 43% of brand volume concentrated in this secondary channel and a +26.3% recent momentum trend at risk of reverting (lag_3 at 6.2M vs forecast 3.6M suggests a sharp sequential decline), physical availability amplification is critical to sustain trial and repeat at the value end; mass-market positioning means visibility ROI outweighs margin investment for this brand.

• Introduce a volume-committed ranging agreement with the top-5 TOTAL_DISCOUNT buying groups by 1 September 2025, targeting a 5pp increase in SKU distribution breadth — the brand_mean_sales SHAP contribution (+0.67, value 2.65M) indicates structural baseline demand is solid, but high volatility (CV=0.76) creates ranging risk; locking in forward commitments stabilises the forecast floor and reduces the downside scenario where discount retailers de-list or reduce shelf space during a softer October period."
PEPSI,CONVENIENCE,2025-11-01,306189.0494779366,8.748574375058524,12.311065083020367,"• Protect distribution weight at ≥88% in Convenience by October 31, 2025 — weighted_dist is a top-5 SHAP driver (+0.50) at a current value of 0.88; any slippage below this threshold risks compounding downside on a forecast already stepping down ~17% from the lag_1 value of 370,805 units to 306,189 units.

• Activate a targeted promotional push of 10–15% price reduction on core Pepsi SKUs in Convenience for the first two weeks of November 2025 — the gap between rolling_mean_4 (422,250 units) and the November forecast (306,189 units) signals a meaningful near-term volume softening; a short-burst promo can partially close this ~27% shortfall without eroding long-term price positioning.

• Prioritize top-selling Pepsi assortment (single-serve and impulse formats) to capture at least 90% on-shelf availability in Convenience by November 1, 2025 — brand_mean_sales SHAP of +0.53 with a value of 2,253,939 confirms strong brand-level baseline demand; ensuring full assortment presence in the impulse-driven Convenience channel will help convert ambient brand equity into incremental units against the softening seasonal trend indicated by rolling_mean_13 (382,340 units).","• Stabilise convenience channel volume by locking in a minimum 2-unit facing standard across the top-30 highest-velocity convenience locations before November 2025 — weighted distribution is already a positive SHAP driver (0.50, value=0.88) but the channel represents only 6% of brand volume, meaning small execution gaps cause outsized volatility (CV=0.72); securing shelf presence floors the forecast at the 306K unit level and protects the +9.8% momentum from reverting.

• Introduce a high-frequency, low-depth promotional mechanic (e.g. 2-for-1 or meal-deal bundle) in convenience by end of October 2025, targeting a +8% volume uplift to ~330K units — lag_1 (SHAP=+2.45, prior period=370K units) and rolling means (4-week: 422K; 13-week: 382K) both sit materially above the November forecast, signalling a downward drift that a short-cycle promo can arrest; as a mass-market mid-price brand (1.3x median), price-linked mechanics outperform visibility-only interventions in convenience impulse channels.

• Reduce SKU fragmentation to the top 3 convenience-optimised pack formats (e.g. 500ml single, 1L grab, multipack) by November 2025 to cut execution complexity and lower volume volatility — with CV=0.72 and brand_mean_sales (SHAP=+0.53) anchoring the forecast to a high baseline of 2.25M units cross-channel, rationalising the convenience assortment will concentrate velocity on proven movers, improving forecast accuracy and reducing the risk of stockouts that disproportionately hurt a peripheral channel where replenishment cycles are shorter."
FAXE KONDI,DVH_EXCL_HD,2025-12-01,5124592.663759321,10.615617625997402,12.896562582056504,"• Secure and expand distribution weight by +3pp (from 0.86 to ~0.89) in DVH_EXCL_HD by November 15, 2025 — weighted_dist is the 4th-ranked SHAP driver (+0.50) and with structural demand running ~85% above brand_mean_sales (3.2M vs. 1.7M rolling), incremental shelf presence will directly convert elevated consumer pull into captured volume ahead of the December peak.

• Lock in sufficient stock allocation to cover at least 5,124,593 units for December 2025 delivery, with a 10% buffer (≈5,637,000 units) confirmed with logistics by November 20, 2025 — lag_1 (SHAP=+2.69, value=2.84M) and both rolling averages (13-week: 3.16M; 4-week: 3.20M) confirm sustained structural uplift, not seasonal noise, making a stock-out the primary risk to realising the forecast.

• Reduce promotional depth by 5pp (e.g., from ~20% to ~15% discounted volume) for December 2025 — the 13-week rolling mean (SHAP=+1.57, value=3.16M) and 4-week rolling mean (SHAP=+1.42, value=3.20M) signal strong organic demand momentum; maintaining heavy promotional spend is unnecessary and margin can be recaptured without volume loss during this structurally elevated period.","• Lock in promotional display agreements with top-30 DVH_EXCL_HD accounts by 2025-11-01 to capture the structural demand uplift — the forecast of 5.1M units (+2.73 z-score) is driven by sustained momentum across 4-, 13-week rolling averages (SHAP +1.42/+1.57), and as a mass-market #4 brand at 1.3x category median, FAXE KONDI's volume is highly responsive to in-store activation; securing floor/aisle displays now converts the momentum signal into durable sell-through rather than a one-period spike.

• Increase weighted distribution in DVH_EXCL_HD by 3pp (from 0.86 to 0.89 coverage) before 2025-11-15, prioritising mid-size convenience and petrol forecourt outlets — weighted_dist (SHAP +0.50) is already a positive driver but headroom remains; given this is a secondary channel representing 56% of brand volume with high volatility (CV=0.69), closing the remaining distribution gap now while momentum is elevated will structurally floor the baseline and reduce downside risk in subsequent months.

• Implement a volume-buffer stock plan with key DVH_EXCL_HD wholesalers targeting +8% safety stock uplift for December delivery windows, confirmed by 2025-11-10 — the CV=0.69 volatility profile means the 5.1M unit forecast carries meaningful variance; with lag_1 at 2.84M (SHAP +2.69) as the dominant driver, a demand correction in January is plausible if supply constraints dampen December performance, and pre-positioning inventory protects the mass-market volume base without requiring price concessions that would erode the 1.3x mid-market price positioning."
FANTA,TOTAL_DISCOUNT,2026-01-01,384623.78765,9.642082831996959,11.811419542005751,"• Lock in shelf space agreements with top-3 discount retailers (e.g., Netto, Rema 1000, Lidl) for a minimum 5% volume commitment increase by December 2025 — lag_1 (SHAP=+2.54, value=1,295,304 units) signals exceptionally strong recent momentum that should be secured through forward contracts before the January 2026 period begins.

• Reduce promotional depth by 10–15pp (e.g., from ~25% to 10–15% discount) for January 2026 — rolling_mean_13 (SHAP=+0.77, value=651,072) and rolling_mean_4 (SHAP=+0.90, value=743,830) both confirm sustained organic demand over 4- and 13-week horizons, indicating baseline pull is strong enough to protect the 384,624-unit forecast without heavy price investment.

• Prioritise Fanta's core SKU assortment (top 2–3 flavours/formats) in replenishment planning to hit a 95% in-stock rate across discount channel by January 2026 — brand_mean_sales (SHAP=+0.47, value=447,291) reflects a healthy long-run brand baseline, while month_cos (SHAP=−0.16) flags a mild seasonal headwind in January that risks stockout risk being masked by aggregate forecasts; tightening assortment focus will protect sell-through efficiency.","• Capitalise on the +26.5% momentum surge by securing incremental secondary placement (clip strips, aisle ends) in the top-30 discount doors by February 2026 — lag_1 SHAP of +2.54 confirms recent volume is the single strongest predictor of the January forecast, meaning sustaining shelf presence now directly protects the 384K unit base; as a mass-market #5 brand at 1.1x category median, Fanta's value positioning is a natural fit for discount channel shoppers and incremental placement will convert footfall efficiently.

• Lock in a promotional price mechanic (e.g. multipack or bundle deal at ≤5% price reduction) for the first two weeks of January 2026 — month_cos carries a negative SHAP (-0.16), flagging seasonal headwind in this period; given Fanta's high volatility (CV=0.79) and mass-market positioning, a short, bounded promo dampens downside volume swings without eroding the mid-market price tier, and discount channel shoppers are particularly responsive to visible value signals.

• Stabilise replenishment cadence in discount by implementing a weekly sell-out review against the rolling 4-week benchmark (743K units) from November 2025 onward — rolling_mean_4 and rolling_mean_13 together contribute SHAP +1.67, meaning forecast accuracy is tightly anchored to recent run-rate; with CV=0.79 volatility and discount representing 35% of brand volume, a single out-of-stock event in a high-traffic discount week can disproportionately drag the rolling mean and create a self-reinforcing downward forecast revision into Q1."
FEVER TREE,DVH_EXCL_HD,2025-10-01,154373.2816875,8.20024125103373,10.963257917028386,"• Protect distribution weight at minimum 0.42 and target an increase to 0.45 in DVH_EXCL_HD by October 2025 — weighted_dist is the 3rd strongest SHAP driver (+0.56) and current penetration of 0.42 leaves meaningful headroom; a 3pp gain would directly support the 154,373-unit forecast and partially offset the seasonal drag from month_cos (−0.15).

• Prioritise shelf availability and replenishment planning to sustain a rolling 4-week volume baseline of ~207K units through September 2025 — rolling_mean_4 (SHAP=+0.67, value=206,903) is the second-strongest positive driver; any stock-out or supply disruption in August–September would erode this baseline and put the October forecast at risk.

• Reduce promotional depth by 10–15% for October 2025 relative to recent months — the long-run rolling_mean_13 (SHAP=+0.41, value=205,950) signals sustained organic demand strength, indicating the brand is not reliant on heavy promotional support to maintain volume; reallocating that spend to distribution-building activities would be more efficient given weighted_dist's higher SHAP contribution.","• Defend weighted distribution in DVH_EXCL_HD by securing a minimum 0.50 weighted distribution score (up from current 0.42) before October 2025 — distribution is the 3rd-ranked SHAP driver (+0.56) and with 82% of brand volume concentrated in this core channel, even a marginal distribution loss amplifies the -7% momentum decline; prioritise listings in the top-30 highest-volume DVH accounts where premium mixer visibility directly converts to rate-of-sale.

• Protect premium price positioning by avoiding promotional price cuts and instead activating 2-unit multipack or cocktail bundle mechanics in at least 15 DVH accounts by September 2025 — the forecast shows a step-down from the rolling mean (~206K units) to 154K, driven partly by seasonal headwinds (month_cos=-0.15); for a 1.7x premium-priced brand, volume defence through bundling preserves margin and brand equity better than price reductions, which risk permanent repositioning in a volatile category (CV=1.24).

• Stabilise the volume base by locking in a replenishment cadence aligned to the high lag_1 dependency (SHAP=+2.16, prior period value=184K units) — given the brand's high volatility (CV=1.24) and the forecast sitting ~15% below the 13-week rolling mean, work with DVH buyers to agree forward-committed shelf stock levels for October 2025 now, reducing the risk of out-of-stocks that would further erode the already declining 3-month trend."
ULUDAG,TOTAL_DISCOUNT,2025-11-01,150073.70411315377,8.953904750931542,11.43969816697063,"• Protect distribution weight at current levels (target ≥95% weighted distribution in TOTAL_DISCOUNT) through November 2025 — lag_1 is the dominant SHAP driver (+2.46) with a prior-month volume of 220,022 units, indicating strong carry-over momentum; any SKU delistings or out-of-stocks would disproportionately erode the November forecast of 150,074 units.

• Reduce promotional depth by ~10pp (e.g., from ~25% to ~15% discount rate) for November 2025 — rolling_mean_4 (+0.74, value 185,545) and rolling_mean_13 (+0.39, value 194,001) both signal sustained organic baseline demand well above the November forecast, suggesting the brand does not need heavy promotional support to hit volume targets; reallocating promo budget to Q1 2026 planning would improve margin without volume risk.

• Prioritise assortment continuity on the top 3 ULUDAG SKUs in TOTAL_DISCOUNT by end of October 2025 — brand_mean_sales (+0.15, value 78,187) confirms a healthy long-run brand average, but the seasonal cosine signal (month_cos SHAP=−0.18) flags a modest November headwind; ensuring full shelf presence on core SKUs before the seasonal dip materialises will help defend the 150,074-unit forecast without incremental spend.","• Stabilise promotional cadence in TOTAL_DISCOUNT to defend the 150K November forecast against high volatility (CV=1.20) — with lag_1 at 220K units driving the largest SHAP contribution (+2.46), the model is anchoring heavily on a strong prior period; schedule at least 2 confirmed promotional activations in November (e.g. multi-pack price feature or end-of-aisle placement) to prevent a sharp volume correction, targeting no more than a 15% month-on-month decline from the October base.

• Protect shelf assortment depth in the top-30 TOTAL_DISCOUNT doors by October 15, ensuring a minimum of 3 SKUs listed per store — as a value-priced brand (0.5x category median) in its core channel (65% of volume), ULUDAG's discount-channel shoppers are highly price-sensitive and substitution risk is elevated; the rolling_mean_4 and rolling_mean_13 SHAP signals (+0.74, +0.39) confirm sustained baseline demand that can be protected through consistent availability rather than further price reduction.

• Initiate a volume-building mechanic (e.g. 4-for-3 bundle or loyalty tray deal) targeting a +8% uplift on the 150K forecast to reach ~162K units in November — the brand's stable momentum (+1.2%) and mid-tier rank (#13 of 77) indicate headroom to grow within discount without cannibalising premium positioning; the negative month_cos SHAP (−0.18) flags a seasonal softening risk entering November, making a structured promotional mechanic necessary to offset the seasonal drag before the December peak."
SAN PELLEGRINO,CONVENIENCE,2025-12-01,5436.6709597656245,8.68531766696833,12.316351749061141,"• Expand distribution weight by 5pp in Convenience (from current 0.20 to 0.25) by November 30, 2025 — weighted_dist is the single strongest forecast driver (SHAP=+0.87) yet sits at only 0.20, indicating significant untapped outlet coverage; even a modest distribution gain should materially lift the December volume above the 5,437-unit baseline.

• Protect shelf presence and avoid SKU rationalization in Convenience through December 2025 — lag_1 (SHAP=+0.65, value=5,783 units) confirms strong recent momentum carrying into December; maintaining at least current assortment depth in active outlets will preserve this carry-over effect and prevent erosion of the forecast.

• Introduce a targeted price-promotion of 10–12% off in the final two weeks of December 2025 to close the gap versus channel average — channel_mean_sales (SHAP=−0.56, value=46,056) and rolling_mean_13 (SHAP=−0.36, value=6,439) both exert downward pressure, signalling that SAN PELLEGRINO is underperforming relative to Convenience channel norms; a short-burst promotional mechanic timed to peak holiday footfall can narrow this gap without committing to sustained margin dilution.","• Stabilise weighted distribution at minimum 0.25 (from current 0.20) across convenience outlets by 2025-11-01 — weighted_dist is the single strongest positive driver (SHAP=+0.87) and at 0.20 it is critically low; given convenience is already a peripheral channel (only 4% of brand volume), selective placement in the highest-velocity c-stores rather than broad rollout will reduce the extreme volatility (CV=1.37) without overcommitting to a low-priority channel.

• Defend the December volume floor of 5,437 units by locking in shelf continuity agreements with top convenience accounts before 2025-11-15, leveraging the strong lag_1 signal (SHAP=+0.65, prior period ~5,783 units) — the rolling 13-week mean (6,439) is running above forecast, indicating a softening trend; for a mid-tier brand (rank #14) priced at 0.6x category median, retaining existing listings is higher-ROI than acquiring new ones in a channel where the negative channel_mean_sales driver (SHAP=-0.56, mean=46,056) signals SAN PELLEGRINO is structurally underselling versus channel peers.

• Introduce a limited convenience-exclusive multipack or bundle (e.g. 3-pack at a 5–8% price premium vs single unit) by 2025-12-01 to lift basket size and reduce per-unit volatility — at 0.6x category price the brand has headroom to trade up slightly without losing value positioning, and the favourable month_cos signal (SHAP=+0.18, value=1.00) confirms December seasonality is a tailwind; a bundled format also smooths the high CV (1.37) by anchoring repeat purchase behaviour in a channel where transaction frequency is inherently irregular."
CARIBIA,DVH_EXCL_HD,2026-01-01,88584.55216045721,8.490304582985118,12.790196083020419,"• Protect and grow weighted distribution by +4pp (from 0.48 to 0.52) in DVH_EXCL_HD by January 2026 — weighted_dist is the #3 SHAP driver (+0.53) and current penetration at 0.48 leaves meaningful headroom; closing this gap is the highest-leverage structural action ahead of the forecast period.

• Lock in January 2026 replenishment orders at a minimum of 108,000 units with key DVH_EXCL_HD accounts by December 15, 2025 — lag_1 (SHAP=+2.12, value=159,235) and rolling_mean_4 (SHAP=+0.62, value=108,808) signal strong recent momentum, but the January forecast of 88,585 units reflects a seasonal step-down (month_cos SHAP=−0.15); pre-committing stock ensures service levels are maintained without over-ordering into a softer month.

• Reduce promotional depth by 10pp (targeting promo frequency at ≤20% of SKUs on deal) for January 2026 — rolling_mean_13 (SHAP=+0.12, value=86,162) confirms sustained baseline demand over the trailing 13 weeks, indicating organic volume is structurally sound; reallocating promo budget to distribution-building activities (see bullet 1) will deliver higher ROI than discounting into a seasonally soft period.","• Accelerate weighted distribution in DVH_EXCL_HD from 0.48 to at least 0.58 by March 2026 — distribution is the third-strongest forecast driver (SHAP=+0.53) and with CARIBIA at only 48% weighted distribution there is clear headroom; the brand's +20% recent momentum signals genuine pull demand that justifies range expansion conversations with buyers now, while the value price tier (0.4x category median) removes the barrier of shelf-price risk for retailers.

• Stabilise volume consistency through a Q1 2026 promotional calendar with at least 2 planned activation windows in January–March — the high volatility (CV=0.62) combined with a lag_1 SHAP of +2.12 means next period's forecast is heavily anchored to the most recent volume reading (159,235 units); locking in baseline offtake through structured promotions rather than ad-hoc spikes will reduce CV and protect the rolling mean trajectory (rolling_mean_4 SHAP=+0.62, currently 108,808), which is the second-strongest stabilising signal in the model.

• Prioritise DVH_EXCL_HD as the primary growth channel for 2026 investment, targeting a 5pp increase in channel volume share (from 53% toward 58%) by June 2026 — DVH_EXCL_HD is already CARIBIA's secondary channel yet accounts for 53% of brand volume, indicating this channel over-indexes relative to its tier-#15 ranking; the forecast of 88,585 units represents a normalisation from the recent 159,235 lag peak, so proactive shelf and assortment investment in the top-performing DVH doors will defend volume and convert momentum into structural distribution gains rather than a one-period spike."
ORANGINA,TOTAL_DISCOUNT,2025-09-01,7366.842823701417,11.740663416974712,10.745781540928874,"• Investigate and resolve the zero weighted distribution reading in TOTAL_DISCOUNT immediately — weighted_dist is a top-5 SHAP driver with a negative drag (SHAP=−0.29, value=0.00), suggesting Orangina has no weighted distribution recorded in this channel; secure listings with at least 3 major discount retailers (e.g., Netto, Rema 1000, Lidl) to achieve a minimum weighted_dist of 0.40 by August 2025, ahead of the September forecast period.

• Protect and build on the strong recent momentum by maintaining September 2025 volume at or above the lag_1 baseline of 7,029 units through a targeted in-store activation (e.g., secondary placement or neck-hanger promotion) in discount outlets — lag_1 is the dominant positive driver (SHAP=+1.14), confirming that August sell-through is the single biggest predictor of September performance; a 5% uplift on the lag_1 baseline would push September volume to ~7,380+ units, in line with the current forecast.

• Address the structural gap between the 13-week rolling mean (4,513 units, SHAP=−0.49) and the current run-rate (~7,029 units) by locking in a promotional price point of −10% vs. standard RSP for September 2025 — the depressed rolling_mean_13 is actively pulling the forecast down, indicating that recent high volumes are not yet embedded in the trend baseline; a sustained price-driven volume push over August–September 2025 will lift the rolling average by an estimated +500–700 units and reduce this negative SHAP drag for Q4 planning.","• Investigate and address the zero weighted distribution (SHAP=-0.29, value=0.00) in Total Discount immediately — restore active listings in at least 5 key discount banners (e.g. Netto, Lidl, Rema 1000) by October 2025; for a value-priced brand (0.6x category median) in its secondary channel (43% of volume), a distribution gap is disproportionately damaging and directly suppresses the forecast ceiling above 7,367 units.

• Stabilise volume volatility (CV=0.87) by negotiating a fixed promotional slot — e.g. a 2-week feature price mechanic in at least 3 discount chains — for October–November 2025; the severe -37.7% momentum decline combined with high volatility signals erratic sell-through rather than structural decline, and a value-tier niche brand (#41 of 77) in discount needs consistent shelf presence over price cuts to rebuild baseline velocity from the current lag_1 anchor of 7,029 units.

• Protect and grow the rolling baseline (rolling_mean_13 SHAP=-0.49, value=4,513 vs lag_1 of 7,029) by securing a minimum 4-facing secondary placement in top-15 discount volume stores before the September 2025 period closes — the gap between the short-term lag and the depressed 13-week mean indicates recent spikes are not converting into sustained volume, a critical risk for a niche brand where discount already represents nearly half of total brand volume."
CHUPA CHUPS,DVH_EXCL_HD,2025-11-01,1001.8113983154296,9.398939915990923,11.584735916985665,"• Investigate and address the sharp volume decline signalled by lag_1 (SHAP=-1.16, prior month value=577.75 units) by auditing out-of-stock and shelf-availability issues in DVH_EXCL_HD by 15 October 2025 — the strongly negative lag_1 driver suggests recent sales momentum has collapsed, which is pulling the November forecast down to 1,002 units versus a 13-week rolling mean of 1,453 units.

• Restore weighted distribution to a minimum of 0.60 in DVH_EXCL_HD by 1 November 2025 — weighted_dist is a top-5 SHAP driver with a current value of 0.00, indicating a complete distribution gap in this channel that is actively suppressing forecast volume and must be resolved before the month begins.

• Launch a targeted promotional activation (e.g., multipack or impulse display) at 20–25% promoted volume share for November 2025 — rolling_mean_13 (value=1,453 units) confirms underlying demand potential is ~45% above the current 1,002-unit forecast, and with month_cos (SHAP=-0.18) flagging a seasonal headwind, a short-burst promo is needed to close the gap and defend baseline volume.","• Stabilise near-term volume by securing a focused promotional activation (e.g. multipack or impulse bundle) in the top-15 DVH_EXCL_HD doors by 2025-11-01 — the lag_1 SHAP of -1.16 on a prior value of only 578 units signals a sharp recent drop driving the forecast down, and with a -36.2% momentum decline the brand needs a short-cycle demand stimulus; at 0.7x category price, a value-tier brand has headroom to activate on price-linked mechanics without margin erosion, targeting a +15% volume uplift vs the 1,002-unit forecast baseline.

• Address the weighted_dist collapse (SHAP=-0.12, value=0.00) by re-establishing active distribution in at least 10 lapsed DVH_EXCL_HD outlets before 2025-10-15 — zero weighted distribution is a structural drag compounding the momentum decline; since DVH_EXCL_HD already represents 55% of brand volume, even partial distribution recovery in this channel has outsized impact, and re-listing at value price tier lowers the barrier for buyers to reinstate the SKU with minimal shelf-space commitment.

• Reduce assortment complexity to the 1-2 highest-velocity SKUs across DVH_EXCL_HD by 2025-10-01 to dampen volatility (CV=1.95) and concentrate sell-through — the rolling_mean_13 SHAP (-0.17, value=1,453) versus rolling_mean_4 (-0.37, value=1,101) confirms a sustained multi-month volume erosion, not a one-off dip; for a niche rank-#43 brand with high volatility, rationalising to core SKUs improves forecast reliability, reduces out-of-stock risk, and focuses retailer attention on proven movers rather than fragmenting a thin distribution base."
FRESH,TOTAL_DISCOUNT,2025-11-01,14182.597702103749,8.840013417007867,12.917193501023576,"• Protect volume floor by securing shelf space and distribution commitments for FRESH in TOTAL_DISCOUNT at current or +2pp weighted distribution by end of October 2025 — lag_1 is the dominant driver (SHAP=+1.37, prior month at 22,770 units), signalling strong carry-over momentum that must be sustained through guaranteed availability heading into November.

• Reduce promotional depth by ~10–15% for November 2025 versus recent months — rolling_mean_13 (SHAP=−0.45, value=16,811) is dragging the forecast below the brand_mean_sales benchmark of 24,821 units, suggesting the channel has been running elevated promo activity that is diluting baseline demand rather than building it; pulling back on discount frequency will help recover organic price positioning.

• Plan a targeted assortment review to align FRESH's SKU mix in TOTAL_DISCOUNT with the brand's stronger-performing formats by mid-October 2025 — brand_mean_sales (SHAP=+0.22, value=24,821) sits materially above the forecast of 14,183 units and the rolling_mean_4 (SHAP=+0.21, value=12,647), indicating that short-term channel execution is underperforming the brand's broader potential; rationalising to the top 2–3 volume-driving SKUs can close this gap before the November period.","• Investigate and address the root cause of FRESH's -45.8% volume decline in TOTAL_DISCOUNT before committing further investment: audit SKU ranging, shelf placement, and promotional frequency across discount stores by 15 October 2025 — the lag_1 SHAP of +1.37 confirms recent sales momentum is the dominant forecast driver, meaning the current depressed trajectory (lag_1=22,770 already down sharply from brand_mean_sales=24,821) will mechanically pull November's 14,183-unit forecast even lower if the decline continues; stabilising the baseline is the priority before any volume-building action.

• Run a targeted short-cycle price-promotion mechanic (e.g. multipack or 2-for-1) in the top-15 discount doors by 1 November 2025, aiming to lift 4-week rolling volume by at least 15% (~1,900 units) to counter the negative rolling_mean_13 drag (SHAP=-0.45, value=16,811) — FRESH's value price tier (0.7x category median) means promotional depth does not risk brand equity dilution as it would for a premium player, and discount shoppers in this peripheral channel (9% of brand volume) are highly responsive to price mechanics; a contained trial limits exposure given the brand's high volatility (CV=1.38).

• Cap incremental distribution investment in TOTAL_DISCOUNT at current levels through Q4 2025 and instead redirect trade spend toward FRESH's core channels where the remaining 91% of volume sits — with the discount channel peripheral and the brand volatile (CV=1.38), expanding distribution here carries high execution risk and low return; use the November forecast period as a performance gate: if the promotional mechanic above does not recover rolling_mean_4 above 15,000 units by end of November, initiate a formal channel de-prioritisation review in December 2025."
VIMTO,CONVENIENCE,2026-02-01,11.752412286540174,9.879785583005287,11.783649208955467,"• Investigate and address the distribution or ranging gap in Convenience by targeting a minimum of 3 additional SKU facings or outlet listings by January 2026 — lag_1 (SHAP=-3.44, value=15.60) is the dominant drag on the February 2026 forecast, indicating a sharp sequential volume decline from 15.60 units in the prior period to just 12 units; a ranging or availability issue is the most likely structural cause requiring urgent channel review.

• Negotiate a short-term promotional activation (e.g., 2-for-£X mechanic or retailer-funded feature) with Convenience buyers to run in January–February 2026, targeting a 20% volume uplift to ~14–15 units — rolling_mean_4 (SHAP=-0.80, value=15.79) confirms the recent 4-week average sits above the February forecast, meaning current sell-through is underperforming recent trend and a tactical promo can close that gap before the period closes.

• Review VIMTO's Convenience assortment against the broader channel benchmark and prioritise the top 1–2 highest-velocity SKUs for guaranteed availability by February 2026 — channel_mean_sales (SHAP=-0.31, value=46,055.96) versus brand_mean_sales (SHAP=-0.23, value=515.98) reveals a stark gap between VIMTO's Convenience volume and the channel norm, suggesting significant headroom that better assortment focus and retailer engagement could begin to close within this period.","• Protect and build on the +134% momentum spike by securing a minimum 2-facing placement in the top-10 highest-footfall Convenience doors by March 2026 — the forecast of only 12 units in February is being dragged down by a declining lag_1 (15.6 units prior period, SHAP=-3.44), suggesting a fragile recent dip rather than structural collapse; locking in shelf presence now prevents the momentum from evaporating before it compounds, critical given Convenience represents just 1% of brand volume and has genuine upside headroom.

• Introduce a single-unit impulse price-marked pack (PMP) at £1.29–£1.49 targeting the mid-market positioning (0.8x category median) in Convenience by February 2026 — the channel_mean_sales SHAP driver (46,055 units, SHAP=-0.31) shows VIMTO is significantly underperforming the channel baseline; a PMP removes price ambiguity at the fixture, which is the highest-ROI lever for a niche brand (rank #63) with low channel familiarity, without requiring a structural price cut that would erode mid-market credentials.

• Implement a 4-week sell-through review cadence from February 2026 to actively manage volatility (CV=3.13) — the rolling_mean_4 and rolling_mean_13 SHAP values (15.79 vs 7.95) indicate high short-term variance masking a longer-term low base; given the peripheral channel status, a single out-of-stock or overstock event disproportionately distorts the trend, so weekly replenishment triggers set at a 10-unit reorder threshold will stabilise the signal and prevent the forecast from anchoring on another low-volume lag period."
THE PERFECT MIXER,DVH_EXCL_HD,2025-11-01,29662.744140625,9.981556165963411,13.074660999060143,"• Investigate and address the October 2025 volume collapse (lag_1 = 8,409 units) by auditing DVH_EXCL_HD outlet compliance and restoring distribution weight from its critically low 0.02 to at least 0.15 by November 1, 2025 — weighted_dist is a top-2 SHAP driver (-0.30) and near-zero penetration is structurally suppressing the forecast to an anomalously low 29,663 units (z = -2.26), well below the brand's channel mean of 50,672 units.

• Reduce unit price by approximately 10–12% from the current 2.91 lag level (targeting ≤2.60) effective November 2025 — unit_price_lag_1 carries a -0.268 SHAP impact, confirming price elasticity is actively dragging volume in this channel, and a correction would partially offset the demand suppression compounding the low-lag signal.

• Cut promo intensity from its elevated 0.82 lag level to a targeted 0.50–0.55 for November 2025, redirecting spend toward distribution-building activation in DVH_EXCL_HD outlets — promo_intensity_lag_1 shows a negative SHAP contribution (-0.20), indicating current high promotional pressure is not converting to volume, suggesting misallocated spend that would be better deployed unlocking new points of distribution ahead of the December peak season.","• Investigate and address the weighted distribution collapse (SHAP=-0.30, value=0.02) by urgently restoring DVH_EXCL_HD listings to at least 15% weighted distribution by October 2025 — the near-zero distribution reading is almost certainly a structural execution failure rather than a strategic exit, and given DVH_EXCL_HD represents 65% of brand volume, even a partial recovery to prior distribution levels would materially reverse the anomalously low November forecast (z=-2.26) before the period locks in.

• Reduce unit price from 2.91 to approximately 2.50–2.60 (a 10–15% cut) via a temporary shelf price adjustment or retailer-funded promotion in DVH_EXCL_HD stores by late October 2025 — at 0.4x category median THE PERFECT MIXER is already a value-tier brand, yet elevated pricing relative to its own recent baseline is actively suppressing demand (unit_price_lag_1 SHAP=-0.27); for a value-positioned mid-tier brand in a core channel, price sensitivity is high and a modest correction is a low-risk lever to stimulate volume recovery ahead of November.

• Reduce promo intensity from the current 0.82 level by approximately 20–25pp (targeting ~0.60) while simultaneously improving base shelf presence in the top-10 DVH_EXCL_HD volume accounts by November 2025 — the high promo_intensity_lag_1 (SHAP=-0.20) suggests over-reliance on promotional mechanics that is eroding baseline demand signals and contributing to the -53.5% momentum decline; for a mid-tier value brand with moderate volatility (CV=0.40), rebalancing from deep promotional dependency toward stable everyday shelf presence will rebuild the brand_mean_sales anchor (currently supporting the forecast at SHAP=+0.15) and reduce forecast instability going forward."
VIMTO,CONVENIENCE,2025-12-01,7.159169164453824,10.0281152499374,12.031212958041579,"• Investigate and address the sharp volume decline driving lag_1 suppression by auditing VIMTO SKU availability in Convenience by 01 November 2025 — lag_1 is the dominant negative driver (SHAP=-3.69) with a value of 18.57 units in the prior period, signalling a steep recent drop that is pulling the December forecast down to just 7 units; confirm whether this reflects ranging cuts, out-of-stocks, or delisting and restore at least 2 additional facings or SKUs to stabilise the baseline.

• Implement a targeted in-store activation (e.g., shelf-edge promotion or bundled deal at 10–15% price reduction) in Convenience for the first two weeks of December 2025 — rolling_mean_4 (SHAP=-1.12, value=8.68) confirms sustained near-term weakness across the past 4 periods; a short-burst promotional mechanic timed to the pre-Christmas footfall uplift could recover 5–8 incremental units against the current 7-unit forecast without requiring a structural price change.

• Leverage the high channel_mean_sales benchmark (value=46,055.96, SHAP=-0.27) to negotiate a secondary placement or till-point display for VIMTO in top-20 Convenience accounts by 15 November 2025 — the gap between brand_mean_sales (515.98) and channel_mean_sales (46,055.96) highlights significant untapped category headroom; securing even one additional secondary site per account could meaningfully close this gap and counteract the negative momentum reflected in lag_1 and rolling_mean_4.","• Protect the recent +101.8% momentum spike by securing a minimum 2-facing placement in the top-5 highest-footfall Convenience doors by December 2025 — the forecast collapse to 7 units is driven almost entirely by lag_1 (SHAP=-3.69, reflecting a prior period value of 18.57 that is now pulling the model downward), suggesting a transient dip rather than structural decline; locking in physical presence before December prevents the momentum from being lost to out-of-stock or de-ranging in a channel that currently represents only 1% of brand volume but shows genuine growth signal.

• Stabilise velocity with a focused 2-for-£3 mechanic on VIMTO's core SKU in Convenience for November–December 2025, targeting a floor of 12 units/period — the brand's mid-market price positioning (0.8x category median) means a modest bundle offer is margin-safe and credible, while the extreme volatility (CV=3.13) and weak brand_mean_sales (SHAP=-0.27, value=515.98) indicate that irregular purchase behaviour, not price resistance, is the primary drag; a time-limited mechanic creates a repeat-purchase trigger without repositioning the brand downward.

• Commission a 4-week sell-out tracking pulse across the Convenience channel from November 2025 to validate whether the lag_2 positive signal (SHAP=+0.25, value=2.70) represents an emerging recovery pattern — given high volatility (CV=3.13) and peripheral channel status, a single reorder decision made on lagged data risks either over-stocking a 7-unit forecast or missing a genuine uptick; real-time rate-of-sale data will allow a distribution expansion decision (targeting +2pp numeric distribution) to be made with confidence before Q1 2026 planning locks."
AYYO,CONVENIENCE,2025-09-01,22967.5163609375,10.353609666984994,14.451685582927894,"• Protect and extend distribution weight by +3pp (from 0.63 to ~0.66) in Convenience by end of August 2025 — weighted_dist is the #2 SHAP driver (+0.91) and current penetration at 0.63 leaves meaningful headroom; securing additional convenience doors before September will directly support the forecasted 22,968-unit volume.

• Lock in shelf presence and replenishment agreements with top Convenience accounts by August 2025 to sustain the lag_1 momentum — the strongest forecast driver (SHAP=+1.45, prior month 22,872 units) signals genuine sell-through momentum; ensuring zero out-of-stocks in September is the single highest-leverage action to convert the forecast into actuals.

• Hold promotional spend flat (no incremental activation) for September 2025 — the rolling_mean_13 (SHAP=−0.38, value=19,384) signals the current spike sits above the long-run trend, and channel_mean_sales (SHAP=−0.20, value=46,056) indicates AYYO is already underperforming channel norms; incremental promo investment would be inefficient at this stage, and budget is better reserved for an October push if the rolling mean begins trending upward.","• Lock in distribution gains in Convenience by pushing weighted distribution from 0.63 to at least 0.72 (+9pp) before 2025-09-01 — the forecast's second-strongest driver is weighted_dist (SHAP=+0.91), and AYYO's value-tier pricing (0.6x category median) makes it a natural impulse pick in Convenience; closing the gap to the channel mean (46,056 units vs. AYYO's 22,968) requires shelf presence, not price cuts, and the +33.5% momentum window gives a credible sell-in story to convenience buyers right now.

• Stabilise the volatile demand curve (CV=0.99) by negotiating a fixed promotional calendar with the top-15 Convenience accounts for Q4 2025, anchoring at least 2 planned activation weeks per month — AYYO's high volatility means the current momentum spike (lag_1=22,872, SHAP=+1.45) risks a sharp reversal if unsupported; structured in-store activations (secondary placement, chiller door strips) will convert cyclical peaks into a higher rolling baseline, directly countering the dampening signal from the 13-month mean (SHAP=-0.38, value=19,384).

• Protect volume floor by setting a replenishment trigger at 20,000 units/month in Convenience and pre-positioning safety stock of ~3,000 units at regional DCs by mid-August 2025 — with CV=0.99 and Convenience already representing 50% of brand volume, a demand trough would disproportionately damage AYYO's rank (#30 of 77); the rolling_mean_4 (25,363) sits well above the 13-month mean (19,384), signalling the brand is in an elevated cycle that supply chain must be ready to sustain without stockout-driven distribution losses."
HANCOCK,TOTAL_DISCOUNT,2026-01-01,83312.7025,9.281943457957823,11.361751708085649,"• Protect volume momentum by securing shelf space commitments in TOTAL_DISCOUNT for January 2026 at or above the December 2025 level — lag_1 (SHAP=+2.07, value=107,131 units) is the dominant forecast driver, meaning the January outcome is highly sensitive to the prior month's volume; any distribution losses or de-listings in December will directly compress the 83,313-unit January forecast.

• Lock in promotional calendar for January 2026 with at least 1 planned activation in TOTAL_DISCOUNT, targeting a minimum 5% volume uplift over forecast baseline — rolling_mean_4 (SHAP=+0.62, value=83,339) and brand_mean_sales (SHAP=+0.28, value=99,311) both signal that HANCOCK's structural demand sits well above the 83,313-unit January forecast, indicating seasonal softness (month_cos SHAP=−0.18) is suppressing volume that a timely promo can partially recover; activation brief to be submitted by 1 December 2025.

• Investigate the lag_2 volume dip (SHAP=−0.12, value=65,959 units) to rule out a recurring two-month cyclical trough and adjust replenishment orders for February 2026 downward by ~10–15% relative to January — if the pattern repeats, over-ordering in February risks excess stock in TOTAL_DISCOUNT; procurement targets to be revised by 15 January 2026.","• Defend volume floor with a targeted price-promotion mechanic (e.g. multipack bundle at -10% vs. shelf price) in the top-30 discount doors by March 2026 — the forecast of 83,313 units reflects a sharp sequential decline from lag_1 of 107,131 (≈-22%), compounded by a -13.3% momentum trend; for a value-tier mass-market brand (0.4x category median), price-led activation is the highest-ROI lever to arrest volume erosion in discount, where shoppers are acutely price-sensitive.

• Stabilise assortment to 1–2 core SKUs per store across all discount listings by February 2026, eliminating tail SKUs contributing to high volatility (CV=0.95) — the rolling_mean_4 SHAP of +0.62 anchoring the forecast at ~83,339 units signals that recent erratic swings are averaging down; rationalising to proven movers reduces out-of-stock and over-stock noise, and protects the brand's rank #9 mass-market position from further shelf de-prioritisation by discount buyers.

• Given discount represents only 25% of brand volume (peripheral channel), cap incremental investment here at ≤15% of total trade spend and redirect freed budget to the primary channel by Q1 2026 — the month_cos SHAP of -0.18 flags a seasonal headwind in January, making this a structurally weak period to over-invest in a peripheral channel; stabilise rather than grow discount, and protect the higher-volume base where the brand's mass-market scale (99,310 brand mean sales) can be better leveraged."
EBELTOFT,DVH_EXCL_HD,2025-12-01,3949.123163341787,8.017440958006773,12.058320790936705,"• Investigate and address the distribution gap by targeting a weighted_dist increase from 0.01 to at least 0.10 in DVH_EXCL_HD by November 30, 2025 — weighted_dist is a top-4 SHAP driver (−0.22) and the current value of 0.01 indicates near-zero weighted distribution, which is actively suppressing the December forecast of 3,949 units.

• Leverage the seasonal tailwind by securing shelf placement and retailer agreements for at least 5 additional DVH_EXCL_HD outlets before December 1, 2025 — month_cos (SHAP=+0.28, value=1.00) signals December is a peak seasonal period, meaning distribution gains made now will be amplified by natural demand uplift.

• Stabilize short-term volume momentum by aligning replenishment orders to a lag_1 baseline of ~2,306 units while targeting a recovery toward the 13-week rolling mean of 4,541 units — the gap between lag_1 (+0.43, value=2,305.92) and rolling_mean_13 (−0.49, value=4,541.06) suggests a recent volume dip is dragging the forecast down by roughly 600 units; a targeted trade promotion of 10–15% depth in November 2025 could bridge this gap ahead of the December peak.","• Arrest distribution erosion by securing weighted distribution back above 0.10 in DVH_EXCL_HD within 6 weeks (by mid-January 2026) — weighted_dist is the fourth-largest SHAP driver at -0.22 with a critically low value of 0.01, signalling near-zero active distribution; for a niche brand (rank #46) where DVH_EXCL_HD is 100% of volume, even marginal distribution recovery directly protects the entire revenue base during a -27.3% momentum decline.

• Stabilise velocity in the top-15 highest-volume DVH stores by running a targeted 2-for-1 shelf-placement incentive with retail partners in December 2025 — the rolling_mean_13 (SHAP=-0.49, value=4,541) is pulling the forecast down to 3,949 units, meaning recent structural weakness is baked into the model; a mid-market brand at 1.5x category median has enough margin headroom to fund a short-burst trade incentive without permanent price damage, and acting in December captures the month_cos seasonal uplift (SHAP=+0.28) already present in the forecast.

• Conduct an SKU rationalisation review by end of January 2026, retaining only the 1–2 highest-turning variants in DVH_EXCL_HD — the lag_1 value of 2,305 units versus the 13-week rolling mean of 4,541 confirms a sharp recent volume drop (roughly -49% in the most recent period); for a niche, moderately volatile brand (CV=0.47) with concentrated single-channel exposure, consolidating assortment reduces out-of-stock risk and improves per-SKU facings, which is a higher-ROI lever than broad distribution expansion at this rank and scale."
GUARANA ANARCTICA,TOTAL_DISCOUNT,2025-10-01,3101.6459590509085,8.89580950094387,11.372800208977424,"• Investigate and restore distribution coverage to a minimum of 0.10 weighted distribution weight in TOTAL_DISCOUNT by September 15, 2025 — weighted_dist is a top-5 SHAP driver with a negative impact (SHAP=−0.34) and its current value is 0.00, indicating zero weighted distribution; this alone is likely suppressing forecast volume significantly below the lag_1-implied baseline of ~9,576 units.

• Negotiate a minimum of 3 active SKU listings in TOTAL_DISCOUNT retailers by October 1, 2025 — brand_mean_sales (SHAP=−0.35, value=5,517 units) is dragging the forecast down relative to the lag_1 signal of 9,576 units, suggesting structural underperformance in this channel that requires an assortment reset to close the ~6,474-unit gap between lag_1 and the 3,102-unit forecast.

• Launch a targeted price-promotion mechanic (e.g., 10–15% off-shelf discount) for GUARANA ANTARCTICA in TOTAL_DISCOUNT for October 2025 only — rolling_mean_13 (SHAP=−0.50, value=14,882 units) indicates the 13-week trend is running well above current forecast, suggesting recent volume has declined sharply; a short-burst promotional activation can help recover lost velocity before the trend mean reverts further downward.","• Investigate and restore weighted distribution in TOTAL_DISCOUNT channel to at least 0.10 by October 2025 — the SHAP data shows weighted_dist at 0.00, meaning the brand has effectively zero weighted presence in discount right now, yet discount represents 33% of brand volume; restoring even minimal distribution could recover a meaningful share of the 3,102-unit forecast and capitalise on the +16.8% recent momentum before it stalls.

• Lock in promotional shelf placement (secondary placement or checkout zone) in the top-15 discount outlets by October 2025, targeting a +20% volume uplift to ~3,700 units — GUARANA ANTARCTICA is a value-priced brand (0.8x category median) in a high-CV volatile environment (CV=1.13), making it well-suited to discount channel mechanics; the lag_1 SHAP of +1.00 anchors the forecast heavily on the prior period's strong 9,575-unit reading, so maintaining physical visibility is the single highest-leverage action to prevent the rolling_mean drag (SHAP=-0.50, value=14,882) from pulling volume further downward.

• Stabilise baseline volume by introducing a fixed monthly replenishment agreement with 2–3 key discount chain buyers (e.g. Netto, Rema 1000) before September 2025 — the brand's high volatility (CV=1.13) combined with a brand_mean_sales SHAP of -0.35 signals that inconsistent sell-in is structurally suppressing the forecast baseline; for a niche rank-#38 value brand with growing momentum, reducing supply-side irregularity will convert short-term growth into a durable baseline rather than a spike that reverts."
CARLSBERG SPORT,DVH_EXCL_HD,2026-03-01,3025.8138153602604,11.799231958983,14.808060084003955,"• Investigate and resolve the channel distribution collapse immediately, targeting restoration of weighted_dist from 0.00 to a minimum of 50% of historical baseline by February 1, 2026 — weighted_dist is at 0.00 (SHAP=-0.96) and near-zero distribution is a primary structural driver of the anomalous March 2026 forecast (z=-3.11); without physical availability, no demand recovery is possible.

• Emergency-escalate the lag_1 volume collapse (5 units in February 2026) with the DVH_EXCL_HD channel team, targeting a corrective restock and sell-in order of at least 500 units by January 15, 2026 — lag_1 is the dominant negative driver (SHAP=-4.10, value=5.00), indicating a near-total demand or supply disruption in the prior month that will mechanically suppress the March forecast unless reversed before the period opens.

• Activate a short-term promotional push (minimum 20% trade discount or feature placement) for CARLSBERG SPORT in DVH_EXCL_HD for February–March 2026 — rolling_mean_4 has collapsed to 11.25 units (SHAP=-0.91) versus rolling_mean_13 of 1,683 units (SHAP=-0.39), confirming a sharp recent demand shock inconsistent with long-run brand performance; a targeted promo stimulus is needed to rebuild velocity and reset the short-term trend inputs before Q2 2026.","• Conduct an emergency distribution audit across all DVH_EXCL_HD outlets by 2026-01-15, targeting restoration of weighted distribution to at least 40% coverage — the near-zero weighted_dist (SHAP=-0.96) combined with a lag_1 collapse to just 5 units signals a near-total channel delisting or supply failure, not organic demand decline; given DVH_EXCL_HD represents 64% of CARLSBERG SPORT's total volume, every week of zero distribution directly compounds the -98.8% momentum deterioration and risks permanent shelf-space loss to competitors.

• Negotiate reinstatement of a minimum 2-facing shelf presence in the top-30 DVH_EXCL_HD volume stores before the 2026-03-01 forecast period, paired with a short-term 10% trade price incentive to buyers — as a mid-market brand (1.0x category median, rank #19) with high volatility (CV=0.77), CARLSBERG SPORT cannot rely on premium equity to hold space passively; a modest trade incentive is a lower-risk lever than deep consumer promo, and restoring physical availability is the single highest-impact action given weighted_dist is the second-largest negative SHAP driver (-0.96) after the lag collapse.

• Stabilise the demand signal by securing a forward purchase commitment or promotional feature (e.g. a 2-week off-shelf display) with at least 3 key DVH accounts in February 2026, targeting a lag_1 recovery to ≥500 units entering March — the rolling_mean_4 of only 11.25 units (SHAP=-0.91) shows the collapse has persisted across multiple weeks, meaning the March forecast of 3,026 units is structurally fragile and contingent on breaking the low-volume feedback loop before month-end; for a volatile mid-tier brand, a single confirmed activation can disproportionately shift the short-term trajectory."
